,coefficient,coefficient
AARSD1,0.0,0.000979069334131126
ABHD14B,-0.0008994874550798511,-0.0013090788081105058
ABL1,0.0,0.0009612101288181226
ACAA1,0.00037575253759748983,0.0007292746390854653
ACAN,0.0010522327611148456,0.0013513128838343405
ACE2,0.00191271147257367,0.002875259595227322
ACOX1,-0.0001478151946815725,-0.00017338463203967099
ACP5,0.0,0.0011039020293014056
ACP6,-0.0006152979083757707,0.0
ACTA2,-0.00013171443380417287,0.00027388144047523063
ACTN4,-0.00042857803248501906,-0.000503866811974582
ACVRL1,-0.002073749555417671,-0.0010393777040297782
ACY1,-0.000971761020991452,-0.0004986569688067503
ADA,5.839338634610013e-05,0.0010156479448311469
ADA2,0.0018577736876818002,0.003165081272726203
ADAM15,-0.0007097002595458805,-0.0011485865161907267
ADAM22,-0.00041565188830019887,0.0
ADAM23,0.0002336183928368144,-1.1441587811112725e-05
ADAM8,0.0007626689645361693,0.0009192829452969717
ADAMTS13,0.0007913249102855501,-0.0
ADAMTS15,2.4381965981752058e-06,0.0006105158610026046
ADAMTS16,0.0003017383381865084,0.0
ADAMTS8,-0.0019934247561513526,-0.0014105783613856373
ADCYAP1R1,2.7628187594001697e-05,-0.0
ADGRB3,-0.0,-0.0005147624129773272
ADGRE2,-0.0027079325461219256,-0.004269145883450168
ADGRE5,-0.002355946517981376,-0.0009580149682439381
ADGRG1,0.0003386804004150299,-4.8283096089856305e-05
ADGRG2,0.002017135245469332,0.001925572217472355
ADH4,0.0,0.0
ADM,0.0,0.0
AFP,-0.0,4.957169441900056e-05
AGER,-0.0019085946457158248,-0.0007038099895302632
AGR2,0.0012838012665787096,0.0007252995561745515
AGR3,-0.0,-0.0
AGRN,-0.00018282383036950155,4.3517521639992496e-05
AGRP,-0.0014296582217247613,-0.0026234975355614912
AGXT,-0.0016236985199181754,-0.0012291409197526027
AHCY,0.0010133915358790625,0.0002215374316877905
AHSP,0.0007592160847320939,2.8223055523722937e-06
AIF1,-0.0004387338113658038,0.0
AIFM1,-0.0015661524424934344,-0.0011136140328700495
AK1,-0.0,-0.0004245548552019269
AKR1B1,0.00040196562336858224,0.0
AKR1C4,-0.00020282381903617786,-0.0005940285310434442
AKT1S1,0.001003024948168305,0.0
AKT3,-0.0004718817892270372,-0.0
ALCAM,0.0025039204830303342,0.0004649894019475974
ALDH1A1,-0.0013408644529470774,-0.0
ALDH3A1,0.0003538130974091389,0.0006487473252409069
ALPP,0.0,0.0002694900555322493
AMBN,2.4837283536402083e-05,-0.00036892082336342416
AMBP,0.0023019655850743054,0.0014601839116519556
AMFR,0.0,0.00013928290726368672
AMIGO2,-0.0014764901224870943,-0.0013253741231639773
AMN,0.0002214120162699041,0.0012853861990990635
ANG,0.001271902995608402,0.0
ANGPT1,0.0,-0.0
ANGPT2,0.00021979498480124526,-0.0
ANGPTL1,0.0,3.174546805541104e-05
ANGPTL2,-0.00028407612293374036,-0.0007481367872786531
ANGPTL3,-0.0006792723663774947,-0.0005259198963478587
ANGPTL4,-0.0007241086256507444,-0.00047223385267884286
ANGPTL7,0.0003007109917825524,0.0005919829920027457
ANKRD54,-0.0002518682776114187,0.0
ANPEP,0.0,0.0009927887036533037
ANXA10,0.003727888912361873,0.004157730256508742
ANXA11,-0.00011871043596554264,0.0
ANXA3,-0.0,-0.0
ANXA4,-0.0,-0.0
ANXA5,0.00010649273674314739,-0.0
AOC1,0.00015857815734178507,0.0001097692670154634
AOC3,0.0,-0.0
APBB1IP,-0.0,0.0
APEX1,0.00020351948174003186,-0.0
APLP1,0.0,0.0005696832526919124
APOH,0.0007712858828833667,0.0012659898250817587
APOM,-0.0012474021478012752,-0.00044295351404586533
APP,0.0,-0.0
APRT,-0.0,0.0
AREG,0.0015441561083766823,0.0011598007777452353
ARG1,-0.0,-0.0
ARHGAP1,0.0,0.0
ARHGAP25,-0.0013646735595409009,-0.0008740745430573621
ARHGEF12,9.132860167641075e-05,0.0
ARID4B,0.0006242931319600917,0.0
ARNT,0.00126181867253835,0.0008614916517666716
ARSA,-0.0007419252418896946,0.0
ARSB,0.0016844013884035603,0.0
ART3,-0.0029923678524978394,-0.002490027259428269
ARTN,0.00032122048412369056,-0.0001940623963512652
ASAH2,0.0004069157312010866,0.0006489898153791133
ASGR1,0.001506714434212438,0.002727615174514484
ATF2,-0.00018182349147373203,-2.3274619159949447e-05
ATG4A,-0.0,0.0010940577721605378
ATOX1,0.0022936259453433827,0.0024679193700138016
ATP5IF1,0.0,0.0
ATP5PO,0.00014693455002343122,9.991567194494585e-05
ATP6AP2,-5.787135423981412e-05,0.0
ATP6V1D,0.00036506642002737474,0.0007716978653615023
ATP6V1F,0.0005051952269895155,-0.00029329353151860156
ATXN10,0.0,-0.0
AXIN1,0.002003976329169298,0.0010004421342273816
AXL,-0.0,0.000561873164895654
B4GALT1,0.0006375463051648718,0.001780191865165437
B4GAT1,-0.0,0.0
BACH1,3.0372332187108326e-05,0.0
BAG3,-0.0,0.0008738499738918941
BAG6,0.0,-0.0005802837872027837
BAIAP2,-0.00021337579308938434,0.0
BAMBI,0.0003665620421393835,0.0006699709684676135
BANK1,0.0009632034444288092,0.0004213113030787888
BAX,0.0017482414574658003,0.0
BCAM,0.00020970954471640776,0.00033567910385318383
BCAN,-0.0014285375146157228,-0.0011883235935591513
BCL2L11,0.0014392261354770957,0.00045554872002910026
BCR,-0.0,8.978012632669208e-05
BGN,-0.00018736684695606112,-0.000977969363393607
BID,-0.00026831742929664284,-0.0006749050342802255
BIN2,-0.0,0.0016422553333685565
BIRC2,0.0,-0.0
BLMH,-0.0,0.0
BLVRB,0.0008388038026369179,0.0
BMP4,-0.0,-0.0
BMP6,-0.0019531474169147936,-0.0008568060604197449
BOC,0.00016933760705687496,0.00016803943040419252
BPIFB1,0.0007128164820436415,0.0009934232903323007
BRK1,0.0003589011301745245,0.000993978679613742
BSG,-0.0,-0.0005272643677428217
BST1,0.0005494321423992617,0.001148356749496956
BST2,0.0026685936041979962,0.0031329624833749165
BTC,-0.0012710226659452136,-0.0006239826373357089
BTN2A1,0.0008271678366097607,0.0010715759653854907
BTN3A2,0.0002327696378123811,0.0016718815603886908
C19ORF12,-0.00016714059785460046,-7.231077016673909e-05
C1QA,-0.0,0.0
C1QTNF1,-0.0,-0.0
C2,-0.00013426544901958072,-0.0001571849986774129
C2CD2L,0.0001424813418746191,0.0
C4BPB,0.0,0.0008460182121879793
CA11,0.0007305180363183949,1.5585013655548484e-05
CA12,-0.00032066425445974035,-0.0
CA13,-0.0,-0.0
CA14,-0.003543434545447526,-0.0033059074629843356
CA2,0.0,0.0
CA3,0.00239623677220785,0.0020066792159318617
CA4,0.00014283709921614993,0.0005994439886261734
CA5A,-5.8937342606448326e-05,0.0
CA6,-0.0,-0.00024995504277810853
CA9,-0.0,0.00027847087593952296
CALB1,0.0005776786911530871,0.00030198325540192083
CALB2,0.0,-0.0
CALCA,-0.001557152004112342,-0.0017861438495177298
CALCOCO1,-0.0,0.0005821558628853027
CAMKK1,0.0011512815292799433,0.0009330608452014464
CANT1,-0.0008206418673721614,0.0
CAPG,4.103645908834642e-06,0.0
CARHSP1,0.0002675813825216843,0.00014057476062836053
CASP1,-0.0008815362291377058,0.000415795844551933
CASP10,-0.0,-7.27491584305097e-05
CASP2,0.0,0.0
CASP3,0.0,0.0
CASP8,0.0,-0.0
CBLIF,1.500132192353971e-05,0.0005650956021103412
CBLN4,0.0,0.0006708490966191784
CC2D1A,-0.0,0.0
CCDC80,-0.0009719888754547131,-0.0
CCL11,0.0011377997352113216,0.0017860705156612234
CCL13,0.0,0.0
CCL14,-0.0007382024210518704,0.00023070032683599685
CCL15,0.0006373943470694525,-0.0002149749711000623
CCL16,0.00032868649413672797,0.000503089093835475
CCL17,0.0017678060627038068,0.0016282328805131124
CCL18,0.0,0.0010600605877982214
CCL19,0.0007843044386021774,0.0007712942107565826
CCL2,-0.0,-0.000882669345957407
CCL20,-0.0011229016232003938,-0.0
CCL21,0.0025436410247536108,0.0018293711458897035
CCL22,-0.00018981311939780294,0.0003736839887444418
CCL23,-0.001532731400899458,-0.0010905497232072336
CCL24,-0.00019114032759982172,-0.0006198664185395492
CCL25,0.0005633856000347275,-0.0
CCL26,-0.0005871462876507934,-0.0005620964675160868
CCL27,0.0015694970785649492,0.0
CCL28,0.00042332061377870563,0.0006516589594236871
CCL3,0.0,3.551881280527678e-05
CCL4,0.000141479492283508,-9.990695770599476e-05
CCL5,0.0,0.0008572690664161814
CCL7,0.0005370933283080496,6.739423049033137e-05
CCL8,5.7386635737107776e-05,-0.0011545323531877226
CCN1,0.0005627982782316649,0.0
CCN2,0.0,0.001760057861464323
CCN3,0.0011192307004045362,0.0005745703433732224
CCN4,0.00022037467771154792,-0.0
CCN5,-0.0005691280335634729,-0.0019103890457263881
CCS,0.00010939709508563626,-0.0
CCT5,-0.0,-7.481599794052184e-05
CD109,0.00041586557622708766,0.0
CD14,-6.816584455638553e-05,-4.949498374436514e-05
CD160,-0.0,-0.00036273952462103796
CD163,0.0,0.0
CD164,0.0005803910059170538,0.00015420636878345635
CD177,-7.084441218485546e-05,-0.00026707430077087875
CD1C,0.0004949309910401927,0.0
CD200,0.00017144542803668915,0.0
CD200R1,-0.000507243891026644,-1.0403701554951556e-05
CD207,-0.0,7.5726048181071e-06
CD209,-0.0013499166982222156,-0.0007354636431115101
CD22,0.0001486015021228839,0.0
CD244,0.00013994899050081826,0.0
CD27,0.0020960914812337412,0.0006228879238266089
CD274,-0.0,-0.000575873634496111
CD276,0.0007091098524074985,0.0011929509410917936
CD28,-0.0,-0.0005665075719270357
CD2AP,-0.00038819779550242284,-0.0011798138673207875
CD300C,0.0,-0.0
CD300E,0.00015507303713905166,0.0010824058205245806
CD300LF,0.0,0.0
CD300LG,0.00020654081301073825,0.0013133764982387398
CD302,0.001962905167744723,0.0033283479522241036
CD33,0.00037518893824962755,0.0006816096130441301
CD34,0.0015486927749042564,0.001404787359525661
CD38,-0.0013497283506646006,-0.0019047411991776543
CD4,0.0,0.0002211149101950804
CD40,0.0,0.0016586516132811701
CD40LG,0.0007043776744665207,0.0
CD46,0.0,-0.0016304371765538852
CD48,0.0,0.0001783494775631703
CD5,0.00011026262811029741,0.0
CD58,0.0,0.000659963552152511
CD6,-0.0005542527111881013,0.0
CD63,-0.0017704033539146186,-0.001755934445220142
CD69,0.0,0.0
CD70,0.0,9.88656897619421e-05
CD74,0.0008700429305921513,0.0009686088312709086
CD79B,-0.0,0.0007332023700418911
CD83,-0.0,0.0004033829426773596
CD84,0.0,-0.00022982448821220658
CD8A,0.00042502313503311594,0.0001300013276828599
CD99,0.0008153068020825617,0.0
CD99L2,-0.0,0.000552182487868625
CDC27,-0.0,-0.0
CDC37,-0.0,0.0
CDCP1,0.0019214218744635304,0.001144175348198426
CDH15,-0.0018027539006766978,-0.0009148623528576205
CDH17,0.0,-0.0
CDH2,-0.0,-0.0
CDH3,-0.00449342523531755,-0.004139615382430571
CDH5,-0.0,-0.00016976755449269083
CDH6,0.0,0.0005840216794503789
CDHR1,0.00028884313136991354,0.0
CDHR2,-0.0011573826929992656,-0.001752090094385289
CDHR5,0.0010590350950946247,0.00031818543624200255
CDKN1A,0.0,7.680420781245395e-05
CDKN2D,0.0034621467383846296,0.0015969720645699194
CDNF,0.002044194915063537,0.001710351664061386
CDON,0.0,-0.0011325195482193547
CDSN,0.0007486233390256297,0.0002393898154098285
CEACAM1,-0.0012873938849690407,-0.0007892884647963021
CEACAM21,0.0,-0.0
CEACAM3,-0.0005585346167638116,-3.707887858655961e-05
CEACAM5,0.0010799459047721545,0.0015534810916710891
CEACAM8,-0.0,0.0
CEBPB,-0.0,-0.0005108460586376562
CELA3A,-0.0014225858166013311,-0.0015985263973025106
CEP164,0.00020845598190369165,0.000861942719247337
CEP20,0.0008089322384911394,-0.0
CEP43,0.00044352447212515754,0.0
CEP85,0.0,0.0
CERT,-0.00028707644628492,0.00032958865665412904
CES1,-0.0,8.203846688501545e-05
CES2,-0.0,0.0012329966418426002
CES3,-0.0005028697836464683,-0.0006813847975960344
CETN2,-8.953697789360416e-05,-0.000770382450543408
CFC1,0.00027356874940107886,0.0007427346819133218
CGA,0.0006640051147625075,0.0016709347351364593
CGREF1,0.0002949873367773286,0.0
CHAC2,-7.474239384409399e-05,-0.0
CHEK2,0.00020517261802139295,0.00032260435787637815
CHGB,-0.002407568248004645,-0.002152919066176467
CHIT1,-0.0006180875364761321,-0.00048117747735476976
CHL1,-0.0009315892568942501,-0.00048560928861600546
CHMP1A,0.0,0.0
CHRDL1,-0.0,-0.0015139851935478885
CHRDL2,-0.0010336198277378903,-0.0008369530077734947
CIAPIN1,0.0,0.0
CKAP4,0.0,-0.00043994709283733926
CKMT1A_CKMT1B,0.0002057978260662416,0.0007543604280833242
CLC,0.002220787221271993,0.00207159570464925
CLEC10A,-7.846905150719418e-05,-6.300178147963879e-05
CLEC11A,-0.0004986897069540028,0.0009071935954480839
CLEC14A,0.0015549608282841771,-0.0001897664430873291
CLEC1A,-0.0014625959402133838,-0.0016939310480127946
CLEC1B,0.0006130054487723161,0.0
CLEC4A,-0.0,-0.0004822330077528512
CLEC4C,-0.0007592915780524576,-0.0
CLEC4D,0.001484291669517056,0.0009009874773451362
CLEC4G,-0.00020979719349364207,-0.0002720041128752143
CLEC5A,-0.0008119550285813754,-0.0002963490822284733
CLEC6A,0.0,-0.0003538578947092553
CLEC7A,0.00014308363918761455,-0.0
CLIP2,-0.00015646116936033315,0.0
CLMP,0.0,1.9303647654216845e-06
CLPP,-0.0,-0.0
CLPS,0.00026613186529970116,-0.00020246293688650353
CLSPN,-0.000199091156271589,0.0
CLSTN1,-0.0008550140383377852,-0.0007026949599760078
CLSTN2,-8.567885063307571e-05,3.957830206365338e-05
CLTA,0.0009754907501085253,6.23050993935789e-05
CLUL1,0.0,0.0003161002090320104
CNDP1,-0.0012870886272400538,-0.0015644898761764936
CNPY2,-0.0009584082649593755,-0.00016577346196049042
CNPY4,0.0,-0.0
CNST,-0.0,-0.0020741727427679383
CNTN1,-0.002032473444423724,-0.0018811077654881595
CNTN2,0.0010112948779552545,0.0010942052837095613
CNTN3,-0.00027036964188140026,0.0
CNTN4,-0.0008723648471108493,0.0
CNTN5,-0.0013252016094843385,-0.0004914643515845189
CNTNAP2,0.0,5.1430465604119056e-05
COL18A1,-0.0010846841248279555,-0.0
COL1A1,-0.0017129895324769107,-0.001118794876622157
COL4A1,0.0004287404055390273,0.00016445684881771983
COL6A3,0.0004333140443228188,0.0025132472514231346
COL9A1,0.002494827817403865,0.0018948410306652776
COLEC12,0.0020385178434618335,0.0033690074635761617
COMP,-0.0005842973514259568,-0.0
COMT,0.0008608590378498497,0.002010664963603999
COPE,-0.0,-0.00013528138206300933
COX5B,-0.0,0.0
CPA1,0.0,-0.0
CPA2,-0.0,0.0
CPB1,-0.0,-0.0
CPE,-0.0007659758507458205,-0.00010569088842685837
CPM,0.0017053646261545809,0.0014060208314473383
CPPED1,0.0011048374109793404,0.0004059754860417709
CPVL,0.0001681321417385703,-0.0
CPXM1,0.0,-0.0006869011355354481
CR2,0.0,0.0
CRACR2A,0.0018185205424462443,0.0005117812614695176
CRADD,-0.0,-0.0
CREG1,-0.0024130874895288055,-0.0013349146628009053
CRELD2,-0.000322457737579313,-0.0
CRH,-0.0,-0.0
CRHBP,0.0,0.0
CRHR1,0.0,-7.240464726852164e-05
CRIM1,0.0008956976499828699,0.0008786726961693627
CRIP2,0.00026199370757389804,0.0006276203022004256
CRISP2,-0.0007412008072948673,0.0
CRKL,-0.0,-0.0
CRLF1,-0.00035587586327805876,-0.00030186553325034575
CRTAC1,0.0,-0.0
CRTAM,-0.0,0.00017266848602735086
CRX,0.00021967991362475348,0.0003576082863567906
CSF1,2.2115697583190463e-06,0.0010970743724338806
CSF2RA,-0.0,0.0
CSF3,-0.0007502499026324289,-0.0012919176016652606
CST3,-0.0,-0.0
CST5,-0.0015954105683997277,-0.001785684544692924
CST7,0.0,-0.0003259814232330134
CTF1,0.0006697644244895349,0.0
CTRB1,0.0006061599893003843,0.0009224360183478735
CTRC,0.0,0.0008460632300247047
CTSB,-0.0011444264147102722,-0.0019202012823550966
CTSC,-0.00011193278987435173,-9.077939215532887e-06
CTSF,0.00038080723898875553,0.00036107966694116407
CTSH,0.0,-0.00023487308719579418
CTSL,0.0013953047875791204,0.0022783015574435288
CTSO,0.0017024379405757323,0.001368713176042745
CTSV,0.0010642944026126098,0.0005516230020543199
CTSZ,-0.0004172666577005437,-0.0
CX3CL1,-0.00035265525865721013,-0.0006687902700290608
CXADR,-0.0,0.0
CXCL1,0.0,-0.0
CXCL10,0.0,0.0006287278483930956
CXCL11,-0.0,0.0
CXCL12,-0.0,0.0001214478514557178
CXCL13,-0.0004008312806640358,-0.000979583381171579
CXCL14,-0.0008222135676128649,-0.0007502709423326937
CXCL16,-0.0,1.1762628943957106e-05
CXCL17,-0.0,0.001720920839736001
CXCL3,0.0,0.0
CXCL5,0.0,0.0
CXCL6,0.00017089449322979896,-0.0
CXCL8,-0.000666111083519986,-3.160679326383927e-05
CXCL9,-9.621968956037115e-05,0.0
DAB2,0.0,0.0
DAG1,0.0003420998500946141,0.0
DAPP1,0.0019265646172099032,0.0004707016192233293
DARS1,0.0,-0.000137314572852723
DBI,0.00032004582406924625,0.0012642432164345575
DBNL,0.0,0.00046955174984381623
DCBLD2,0.002374545393484865,0.0024754054377954023
DCN,0.0,0.0
DCTN1,0.0,0.0009175529211012998
DCTN2,0.0,0.0
DCTN6,0.0,0.0
DCTPP1,0.0007284817497697494,-0.0
DCXR,-0.0027348822904634073,-0.002679103365051109
DDAH1,0.0011589257819678888,0.0
DDC,-0.0002339337436611711,-0.0005256108112485604
DDR1,-0.0010017175267036905,-0.0
DDX58,-0.0,1.6090204302665708e-06
DECR1,0.0,0.0
DEFB4A_DEFB4B,0.00012382930150549933,0.0009764185486451101
DFFA,-0.0,0.0
DGKZ,-0.0,9.816123195467216e-05
DIABLO,-0.0,0.0
DKK1,0.0,0.0006954248888128315
DKK3,0.0,0.0
DKK4,-0.0013920602248018365,-0.0008932650074422782
DKKL1,0.0009025176797565635,0.0006130287820156107
DLK1,-0.0017680032129253627,-0.001975682026170557
DLL1,0.0,0.0
DNAJA2,-0.0,0.0
DNAJB1,-0.0,0.0005660922281054025
DNAJB8,-6.912763629191417e-05,-0.0
DNER,-0.0001149893011595521,-0.0006807573730776832
DNMBP,0.0,-0.0
DNPH1,-0.0,-0.0
DOK2,-0.0013230389477172295,-0.00042059080594597135
DPEP1,0.0003406092560791737,0.00010555097393418026
DPEP2,-0.0,1.37169509974278e-05
DPP10,-0.0,-0.00043769038293187075
DPP4,-0.0021376315687259553,-0.0024192006436602616
DPP6,0.0,0.0
DPP7,-0.0,-0.0
DPT,0.00024159249598404347,0.0
DPY30,0.0,0.0002581072362651536
DRAXIN,-0.0,0.0014692550790766554
DRG2,-0.0,0.0
DSC2,0.001214440328477457,0.0
DSG2,0.0017395708497869975,0.001665475402453547
DSG3,0.0020233136676062473,0.002151613291783553
DSG4,-0.0,-0.0
DTX3,-0.0007640114731296487,-0.001343337531980677
DUOX2,-0.0,-0.0
DUSP3,9.911313817680188e-05,-0.0
EBAG9,0.0,-0.0
EBI3_IL27,-3.7610396245098135e-05,0.0
ECE1,0.0005173407374061541,0.0010936854887303557
EDA2R,-0.0,-0.0012217209281507543
EDAR,-0.00028753344628598655,-0.0
EDIL3,-0.0011788611328903053,-0.0
EFEMP1,-0.001971605355950421,0.0
EFNA1,0.0,0.0
EFNA4,0.0009478089006413763,0.00027090686132766524
EGF,0.0,0.0
EGFL7,-0.0,0.00066151592043093
EGFR,-0.002672049356478388,-0.0031130840644577945
EGLN1,-0.0014611106182903025,-0.0012005036772728417
EIF4B,-0.0,-0.00044662746269357655
EIF4EBP1,0.0,0.0
EIF4G1,-0.0,0.0
EIF5A,-0.0009815197021790037,-0.0006633517867907662
ELOA,-0.0,-0.0
ENAH,0.000494357331561309,-0.00035207630563649587
ENG,0.00010370119288186955,0.0015495233084635441
ENO1,-0.0012849953685526644,0.0
ENO2,0.0,0.0020575925009899466
ENPP2,-0.001971500242842953,-0.0012996886240240946
ENPP5,-0.00023470305707256012,-0.0005864204162988527
ENTPD2,-0.00024131240849221104,-0.00016775762064182113
ENTPD5,0.00024057697030574346,0.0005304751356279719
ENTPD6,0.0001656102100349846,0.00038292723425291186
EPCAM,0.00027389276510514875,0.0006255537537910959
EPHA1,-0.0027621254753379646,-0.0021303108940495283
EPHA10,0.00029866055826763407,8.76699367127456e-05
EPHB4,0.0029464028787248345,0.0014941145034336513
EPHB6,-5.5556015718010736e-05,-0.0
EPHX2,-0.00017930409191091416,0.0
EPO,0.0010586664270472589,0.0009211328478364664
EPS8L2,-0.0,-0.00013826685248500786
ERBB2,0.0011101075954894647,0.0007655019588307875
ERBB3,0.0007889483980753421,0.0007778274978736991
ERBB4,0.001738258580260047,0.0015102766053896033
ERBIN,-0.0,-0.0
EREG,0.0,-0.0
ERP44,-0.0,-0.00033885396921525196
ESAM,-0.0,-0.0
ESM1,7.150724529630825e-05,-0.0005554542541457594
EZR,0.00113181160638969,0.0
F11R,-0.00046889959473314397,-0.0
F2R,-0.0,0.0
F3,0.0004895411138216792,7.1062456375446855e-06
F7,-0.0006141960669945882,-0.000603445762519275
F9,-0.0,0.00018301926146821977
FABP1,-0.0,0.0
FABP2,-0.002268653870636211,-0.0028147766282617098
FABP4,-0.0007394278644574178,-0.00038150308159573353
FABP5,0.0002211964939267094,0.0004157652509764272
FABP6,0.0008645353823230049,0.0002435679580027236
FABP9,-3.7643264016901005e-05,-0.0003685066213880062
FADD,0.0,-0.0
FAM3B,0.0001520298995375254,0.00013398572427910318
FAM3C,-0.00033027554447542025,0.0
FAP,-0.0005004476243739899,-0.0003969292449070646
FAS,-0.0007470384276343405,-0.0005161898979138087
FASLG,-0.001016401097697475,-0.000863728844504259
FBP1,-0.000654202655518295,0.0
FCAR,0.0,-2.903813414182787e-05
FCER2,0.0007054032378966508,0.002212166549082275
FCGR2A,0.00026243319627797896,-0.0
FCGR2B,-0.0013296848182006535,-1.666018141960768e-05
FCGR3B,0.0004444380174293893,0.0004940290341543219
FCN2,-0.0001895698537532061,-0.0
FCRL1,-0.0,-9.846415524316175e-06
FCRL2,-0.0,-0.0
FCRL3,-0.0007353443428731081,-0.00043715098236927927
FCRL5,0.0,-0.0
FCRL6,0.0005281254138535179,-0.0003673572354019293
FCRLB,-0.0002449801635029461,-0.0008774502149785703
FEN1,0.00035321154898857766,5.436925550411495e-05
FES,-0.0,0.00045618591401093216
FETUB,0.0011362897807373994,0.0
FGF19,-0.0005300594900741483,-0.0
FGF2,0.0,-0.0
FGF21,-0.00033858377583343314,0.00047232940268069305
FGF23,-0.001094971046615458,-0.0006184207014700016
FGF5,0.0,0.00018939051054949594
FGFBP1,0.0,0.0006495053070187933
FGFR2,0.0025914599751832535,0.002985604246303867
FGR,0.0,0.0
FHIT,0.0,-0.0
FIS1,0.0,0.0
FKBP1B,0.0,-0.0
FKBP4,0.0,-0.0
FKBP5,-0.0,0.0007332128072592269
FKBP7,-0.0001742460454454361,-0.0006351668694394566
FLI1,-0.0,7.682374479063348e-07
FLRT2,0.0005953959146990635,0.0014111013139116906
FLT1,-0.00037668235617725336,-0.00011649944399235286
FLT3,-0.0007053276545656742,-0.0006998965284166908
FLT3LG,-0.0001090756429787802,-0.0003374450930382654
FLT4,-0.00015805612216394696,-0.0
FMNL1,-0.0002754388621196551,-0.000486000887057227
FMR1,0.0004230569084965532,0.0
FOLR1,0.0016045868176142275,0.00165831559080342
FOLR2,0.00014008710329457447,0.0011293223258182043
FOLR3,-0.0005171120306507702,0.0
FOSB,9.264129969069265e-05,0.0001479994816240644
FOXO1,0.0,0.0010275638174863458
FOXO3,0.0,-0.0
FRZB,6.743276292927127e-05,0.0
FST,0.0,0.0
FSTL3,0.0,-0.0005268932013151705
FUCA1,0.00041662098919578445,0.0001799544402369676
FURIN,0.002143848792456263,0.0007625304040861097
FUS,-0.0004280992047199974,0.0
FUT3_FUT5,0.0006494607120742346,0.0015271738826493643
FUT8,0.0006255362390483275,-0.0
FXN,-0.0,-0.0
FXYD5,0.002136592730302019,0.0004033724507073938
FYB1,-0.0,0.0
GAL,-0.0003557883404922081,0.0
GALNT10,0.0,0.0002791282107491064
GALNT2,-0.0013201751873242885,-0.001987666623275486
GALNT3,0.0002172963394298826,0.0008694062822144726
GALNT7,0.0,-0.000566116549581773
GAS6,-9.07469808324552e-05,0.0
GBP2,-0.00021671908751612438,-0.00015648009138977272
GBP4,5.905187459137766e-05,-0.0
GCG,0.000345088153526491,0.0013226626248790852
GCNT1,-0.00011715458912483962,-0.0
GDF15,0.0028932471411392143,0.001633426536981222
GDF2,-0.0,-0.0009139284404419078
GDNF,-0.00011940696189348664,-0.0
GFAP,-0.0002669197195256209,-0.0004871729195100229
GFER,-0.0012348272781471045,-0.0011224256797930066
GFOD2,0.0006657678680755671,2.6376394877421132e-05
GFRA1,0.0004120316842651954,0.001485411318854796
GFRA2,-0.0003770021079043254,-0.00047931647001116424
GFRA3,-0.0001373121549553695,-0.0
GGA1,0.0003584219549443029,0.0007508770861129707
GGH,0.0009181025022337937,-0.0
GGT1,0.0013749913660861999,0.001322102801876216
GGT5,0.0009853832902516756,-0.0
GH1,-0.0,-0.0001635576411585632
GH2,0.0001702326262204199,-0.00014042875520751843
GHRHR,-0.0,-0.0
GHRL,-0.00029296725383207785,0.0
GKN1,0.0003068815772240603,-0.0
GLB1,0.0024913883812512807,0.0
GLO1,0.0017952064552009437,0.0018777254789884026
GLOD4,-0.0,-0.0007966560804504716
GLRX,-7.786597019573152e-05,-0.0004865967413293278
GLT8D2,0.0006175040432664965,-4.760979778449261e-05
GMPR,0.0002490000735049135,6.659646792668995e-05
GNE,0.0009337401445222126,0.00040798471770809653
GNLY,0.001012523190064804,0.0010717402947301733
GOLM2,0.0006004132482662788,0.0
GOPC,0.0,0.0
GP1BA,0.0008669345835487501,-0.0004386717924371613
GP2,-0.0010382576556524153,-0.0
GP6,0.0,0.0
GPA33,0.0,-0.0
GPC1,-0.0,0.0
GPC5,-0.00021853131313480186,0.0001887215231120745
GPKOW,0.0,0.0
GPR37,-0.0008875015317580673,-0.00040202234158645864
GRAP2,0.0,0.0
GRK5,-0.0,-0.0003730703049601302
GRN,1.3099312698005128e-06,0.0005021525711594885
GRPEL1,0.0008319732267280526,0.0
GSAP,-0.00046617028031524364,-0.0007351964160854335
GSTA1,-0.0,0.0
GSTA3,0.0006446644592072366,-0.00014525285343320124
GSTP1,0.0007461935643556187,0.0004986291501064567
GUCA2A,-0.000630837694256391,-0.0
GUSB,0.0027591391007298406,0.0013010893717908055
GYS1,-0.0007670354237123398,-0.0006463419738887065
GZMA,-0.0008908485060220895,-6.471352866905505e-05
GZMB,-0.0013507455553480856,-0.0015729324977746984
GZMH,0.0003043323862083643,9.673720557331638e-05
HAGH,-0.0008157022132056636,-0.00015220882868012322
HAO1,-0.0,-5.3044108848213004e-05
HARS1,0.0,0.0
HAVCR1,0.0028032206752736212,0.002166532801682741
HAVCR2,0.0,0.0
HBEGF,0.0,0.0
HBQ1,0.0,8.190686442960171e-05
HCLS1,1.1077224091587796e-05,0.0
HDGF,0.0,0.0001286527765113512
HEBP1,0.00014169869186163853,0.0
HEXIM1,0.00031896179117738206,0.0
HGF,0.0,0.0
HGS,4.884759810005819e-05,-0.0
HK2,-0.0,-5.738490830001465e-05
HLA_DRA,0.0011666500738529764,0.0008512855183706101
HLA_E,-0.0003154114976116872,-0.0005889440564574391
HMBS,-0.0,-0.0
HMOX1,-0.0,-0.00044148824003611254
HMOX2,-0.0,-0.00023716741029762448
HNMT,0.0006441737407915628,0.0
HNRNPK,-0.0,-0.00025287739837451045
HPCAL1,0.0,-0.0
HPGDS,-0.0003110695563964386,-0.0004961172122756149
HS3ST3B1,-6.753605737297398e-05,-0.0004272559892077566
HS6ST1,-0.00011183646851432768,-0.0002477857562839975
HSD11B1,-0.0002492966684839403,-0.00020242684487771877
HSP90B1,-0.0,0.0
HSPA1A,-0.0,0.0002867849553340796
HSPB1,0.0,-0.0006957529439617846
HSPB6,-0.0007243612132307298,-0.0
HSPG2,-0.0012571748809421573,0.0
HTRA2,0.0,0.0
HYAL1,0.0007512848814347643,0.001648219111833435
HYOU1,-0.00042142692381204024,-0.00022486918163303784
ICA1,-0.0,0.0
ICAM1,-6.071837210887139e-05,0.0
ICAM2,-0.0,-0.0
ICAM3,0.0008884765233582438,0.0009321511325988912
ICAM4,-0.0006966948638743658,-0.00033629125526967883
ICAM5,0.0010928881861897411,0.0006642590093816524
ICOSLG,-0.0002733444883103872,-0.0
IDI2,0.0,0.0
IDS,-0.0004647073451828714,0.0007096473770862252
IDUA,-0.0,0.000144004926312695
IFNG,2.6525593218955387e-05,0.0
IFNGR1,-0.0,-0.00124929358862684
IFNGR2,-0.0,-0.000579533745193748
IFNL1,0.00020514986274392696,0.0
IFNLR1,-9.087412304256538e-05,-2.4912481409622894e-05
IGF1R,-0.0,-0.0
IGF2R,0.0008249245359067548,0.000503701887834088
IGFBP1,-9.903684321163797e-05,-0.0
IGFBP2,-0.0,-0.0006989238378452075
IGFBP3,-0.0033138724346105327,-0.0028160466074707295
IGFBP4,0.00055188597409371,0.0
IGFBP6,-0.0,-0.0010208620881316205
IGFBP7,0.000643424511589999,0.00013707774986589368
IGFBPL1,-0.0011325703092760907,-0.0012928298948086112
IGSF3,0.0,-0.0
IGSF8,0.000188803307174962,-0.0
IKBKG,0.0,-0.0
IKZF2,-0.00011263350472212014,0.0
IL10,0.0006594054484815328,0.0006434458027538148
IL10RA,-0.0,0.0
IL10RB,0.0,-0.00016868676947292635
IL11,-0.0,-0.0006755174579726542
IL12A_IL12B,0.0,0.000488544683751667
IL12B,0.0006302375562411716,0.00024361905546717023
IL12RB1,-6.962153510571683e-05,-0.00038342254023408936
IL13,-0.00039607591206993994,-0.0002830936830058534
IL13RA1,-0.0,-0.00019854921800692391
IL15,0.0009298048580146259,0.0005184334790865594
IL15RA,-2.8561471764749514e-06,-0.000564440080024901
IL16,-0.0,-0.0006542807816599401
IL17A,-0.0004590130477736844,-1.7967022125498535e-05
IL17C,0.0,-7.835432749623078e-05
IL17D,0.0,-0.0002757303452146164
IL17F,6.168147173799004e-05,0.00044474864245416817
IL17RA,0.0005859110300070965,0.0006277187124562908
IL17RB,0.0,-0.00041925397478237696
IL18,-0.0004548616341977325,-0.0006051326666144897
IL18BP,-0.0,0.0
IL18R1,0.000297552790056531,0.0
IL18RAP,0.00021445420468026345,-0.0
IL1A,-0.0002062129729693365,-0.00011737939887180255
IL1B,-0.0006996845423304383,-0.0
IL1R1,-0.0,0.0
IL1R2,0.0001308685369296746,-0.0
IL1RAP,-0.0001317868936275328,5.8526864173586194e-05
IL1RL1,0.0,-0.00040056986042868694
IL1RL2,0.0003595139038881876,0.0004935189071627274
IL1RN,0.00023889467170848695,0.0006971828038766503
IL2,0.000906816708040202,0.0009000212532483672
IL20,-0.0002905399457442659,-0.00017319216616337062
IL20RA,-0.0005490780950370445,-0.0003362426556448631
IL22RA1,0.0002854988052253169,0.0012007269202513715
IL24,1.5178336404076376e-05,6.086576067854258e-05
IL2RA,-0.0,-0.0018142661611296107
IL2RB,-7.505259187876755e-05,-0.0005566372232037413
IL32,-0.0007898318565374661,-0.002116783307682514
IL33,0.0005933489757385772,-0.0
IL34,-0.0005434954978785175,-0.0004769641280689391
IL3RA,-0.0,-3.928009788828094e-05
IL4,0.0,0.0
IL4R,0.00025728548542146274,0.0008829288956604134
IL5,-0.0011364276255822524,-0.0003813018549323892
IL5RA,0.0013195846012770732,0.0011102061827202702
IL6,-0.0,0.0010193101331606625
IL6R,-0.00039074310292055157,-0.0008193187849097685
IL6ST,0.0,-0.0
IL7,-1.943134767592676e-05,-0.0
IL7R,-0.0007831526716781386,-0.0006844664079728682
ILKAP,0.0003332272791244299,0.0008397715224400839
IMPA1,-0.0004034122897284809,0.0
ING1,0.0003355698976092117,-0.0
INHBC,0.0009204012972235382,0.0007879493815437956
INPP1,0.0,-0.0
INPPL1,-0.0,-0.0
IPCEF1,-0.00019856456931132514,0.0
IQGAP2,-0.0,-0.0011058614844142837
IRAG2,0.0,0.0
IRAK1,0.0,-0.0
IRAK4,-0.0,0.0
ISLR2,0.0,0.0
ISM1,-0.0,0.00020109587618424212
ITGA11,-0.0016058278751099027,-0.0013854747393539175
ITGA5,0.0,-0.0007765516674522382
ITGA6,0.00045304178166988263,-0.0
ITGAM,-0.003060832342406283,-0.003080768534159548
ITGAV,-0.0022270082769324283,-0.0014405496375066375
ITGB1,0.001980042261295621,0.0015055703186821717
ITGB1BP1,0.0009630055880425536,0.0007123759518009366
ITGB1BP2,0.0,0.0
ITGB2,0.0,3.45652000690085e-05
ITGB5,-0.0011553312601715923,-0.0012878193483360583
ITGB6,0.0,-0.0
ITGB7,-0.0,-0.0008341442875118216
ITIH3,-0.0009016778949827825,-0.0012128752179874406
ITM2A,0.0001362397166697983,-0.0002974720550778171
IVD,0.00010348469496448777,0.00038845821258413037
JAM2,0.0005145942734709995,0.0010487777951211918
JCHAIN,-0.0006712775351983185,-0.0008011639900109989
JUN,-0.0001153333559316394,0.0
KAZALD1,-0.0001495657013455494,0.0008048485249349808
KCNIP4,-0.0014668163235049434,-0.00046956813987835257
KDR,-0.0002971723687195095,0.0002095444781906182
KEL,-8.945598394854396e-05,0.0005448357659559508
KIFBP,-0.0019903610506909544,-0.0
KIR2DL3,7.726351381348001e-05,-0.0005722720761664301
KIR3DL1,-0.0003068002184742181,-0.0
KIRREL2,-0.00017428631264352492,-0.0005751620505852347
KIT,-0.0012071345496152326,-0.0009108512618077956
KITLG,0.0009641661692189529,0.0
KLB,0.0009755003936741639,0.00048795257427049817
KLK1,-0.0,0.0006276556610072606
KLK10,0.0,9.797866500958035e-05
KLK11,0.0010896672476353331,0.0008264243844733682
KLK12,-0.00017280609641370692,-0.00018849371657904428
KLK13,0.0011049983080962643,0.0009215369197457619
KLK14,-0.0,-0.00025688416007873426
KLK4,-0.0010925732690999456,-0.0004700875324404193
KLK6,0.0,-0.0
KLRB1,-0.0010648598948413098,-0.000914506975188132
KLRD1,0.00012052000404425486,0.0
KRT18,0.001118260933627526,0.001391545082961309
KRT19,-0.003421425633746829,-0.0027499284998367584
KRT5,-8.792050184348487e-05,-0.00011257096930701248
KYAT1,0.0011012157746714466,-0.00020747679247204104
KYNU,0.0004930962847403329,0.0010079821890625997
L1CAM,-0.0006686231813302053,-0.00010346147999605528
LACTB2,-0.0,-0.0
LAG3,-0.0012214056312163802,-0.0007049877423647036
LAIR1,-0.0007205968937276657,-0.0
LAIR2,0.00021289089467951873,-6.416390931674454e-05
LAMA4,-0.00021374668045632376,-0.00025897104461007224
LAMP3,-0.0014040873865459194,-0.0013071375744952976
LAP3,-0.00031184999968210305,0.000633743818994236
LAT,0.0,-0.0002610697027349919
LAT2,-0.0,-0.0
LAYN,0.0,0.0
LBP,-0.00019216849713280543,-0.0006211970829036067
LBR,0.0,0.0
LDLR,0.0,0.0009357026914377029
LEFTY2,-0.0023053435664823958,-0.0020757136175764
LEP,0.0034135730568086524,0.003971811456242131
LEPR,0.0,-0.0
LGALS1,0.0009487485876841586,0.00022862176513208546
LGALS3,0.002498307955592494,0.0025539731584956885
LGALS4,0.0033271451868339156,0.0024349318059429022
LGALS7_LGALS7B,0.0004530996699274965,0.0008516843984575145
LGALS8,-0.0006366979643924824,-0.0006482962302004784
LGALS9,0.0007646139294346365,0.00015326347570854227
LGMN,0.0,0.0
LHB,0.0,-5.583553646685545e-05
LHPP,-3.9885584989496475e-05,-0.00015067814920847772
LIF,-0.0010233788221842553,-0.0008180366952674419
LIFR,-7.43478779143747e-05,0.0004398175706283173
LILRA2,0.0,0.0
LILRA5,0.0005922650565836244,0.0013291709748674354
LILRB1,4.592347091479705e-05,0.0
LILRB2,-0.00016369181510272218,0.0
LILRB4,-0.0006569015807749389,-0.000480158981163418
LILRB5,-0.0,-0.0
LPCAT2,-0.0,0.0012335794410021546
LPL,0.0,-0.0
LRIG1,0.0011160393486791774,0.0003918374280045415
LRP1,-0.00014525394434255318,-4.5777607662828305e-05
LRP11,0.0012426546391560178,-0.0
LRPAP1,0.00015923913155625318,0.0
LRRC25,-0.0009710141248690783,-3.316990475600912e-05
LRRN1,-0.001060449859404026,-0.0009227482584977304
LSM1,0.00027239499769024083,0.00013927911680044547
LSP1,-0.0,-0.0001494500831808263
LTA,-0.0,-1.1920619509823833e-05
LTA4H,-0.0,-0.0010360283152434971
LTBP2,0.003210169151001493,0.0024194143148529496
LTBP3,0.0001775526430822073,0.0
LTBR,-0.0014050676136279443,-0.001843386619372259
LTO1,-0.0006417175345471135,-0.0005047747359278097
LXN,0.0009565904169093136,0.0007774352931303216
LY6D,0.00023283106278844103,0.001629434922656306
LY75,0.0013687845621285749,0.0
LY96,0.0001450409396275671,0.0016857142489990747
LYAR,-0.000517676693949238,-0.0006315084253926908
LYN,-0.0,0.00034380743465839934
LYPD1,-0.00024751409122231573,-0.0001368253587496575
LYPD3,0.0005185026499818485,0.0
LYPD8,-0.00017347108809808015,0.00017560752930011273
MAD1L1,-0.000475245981846823,-0.0
MAEA,0.000414703408609345,0.00032923482194292727
MAGED1,-0.0,0.0005921377155540051
MANF,0.0,-0.0
MANSC1,-0.00037309857056212964,-0.0006683049430338589
MAP2K6,0.0,-0.0
MAP3K5,-0.0,0.001065918887644138
MAP4K5,0.0,0.0
MAPK9,-0.0,0.0
MAPT,-0.0006116667249102829,0.00045209342651650883
MARCO,0.00017779334430106935,-0.0
MASP1,-0.00016847515290181015,-0.0012041795502735681
MATN2,0.0,-0.00010342530684840769
MATN3,-0.0,-0.0
MAVS,-0.0,0.0
MAX,-0.0,-0.0
MB,-0.0014385969935799738,-0.0005703079820338234
MCAM,0.0003943520915737364,-0.0
MCFD2,0.0,0.0006611484587562594
MDGA1,0.00028286973151414114,0.0
MDK,-0.0006778993555499657,-0.0
MED18,-0.0030559833518058704,-0.0
MEGF10,9.315872528707182e-05,-0.0
MEGF9,0.0,0.0009197684765856006
MEP1B,-0.0,0.0001695595590185661
MEPE,-0.0009576024262408278,-0.0011085484642989795
MERTK,-0.0,0.0007552874045615517
MESD,-0.0,-0.0
MET,-0.0010024269388208204,-0.0015324817142615829
METAP1,-0.0,0.000269628548706509
METAP1D,0.0,-0.000228056832007841
METAP2,-0.0,-0.0005759194687278838
MFAP3,0.0004048118994948406,-0.00011746298894206983
MFAP5,-0.00015580590224686312,-0.0007697750057780599
MFGE8,-0.0002639385284681351,4.353349478407261e-05
MGLL,-0.0,-0.001193278846480537
MGMT,-0.0013022401323164402,-0.0
MIA,-2.628568230269488e-05,-0.0
MICB_MICA,-0.00012084787638436923,-0.0004007860424546617
MIF,0.0,0.0010577253011456256
MILR1,0.0006201149827698699,0.0004138329579789265
MITD1,-0.0,-0.0
MLN,-0.001739182973378838,-0.0013295714565531459
MME,-4.0378434687215326e-05,0.0
MMP10,0.0009232306598726168,0.0012479248112930784
MMP12,-0.0009344978126407449,-0.0007017475001745246
MMP13,0.00021812193798523535,0.0006374344269150478
MMP3,0.0,0.0
MMP7,0.0,0.0
MMP8,0.001357424465932568,0.0
MMP9,0.00013374509166907275,0.0006605855310297534
MNDA,-0.0,-0.0
MOG,0.0026279543025866077,0.0006170812801179338
MPHOSPH8,-0.0,0.0
MPI,0.0,0.0
MPIG6B,0.0019467141555932067,0.0
MPO,0.00042771261468461073,0.0
MRPL46,0.0,0.0
MSLN,0.00023275866762184521,0.0
MSMB,-0.0005287611657818379,-0.00018920714939821135
MSR1,-0.0003289706931995848,-0.0
MSRA,-0.0,-0.0
MSTN,0.0,-0.0
MTPN,0.0005004042431339887,0.0008217120543267011
MUC13,0.0012198162983679444,0.0005439784097202562
MUC16,0.0003296343300992139,0.00030389226275987744
MVK,0.001104954098534411,0.0007779771977251963
MYO9B,2.3201087570436065e-05,0.00011051306100934889
MYOC,0.0009386956325535286,0.0009276467252473412
MZB1,0.0,0.0
MZT1,0.00017175105150991291,0.0014171069153241192
NAAA,-0.0009932126431298025,-0.00019713512107384553
NADK,-0.0017507553666382945,-0.0020777586513332945
NAMPT,0.0,-0.0
NBL1,0.0,0.00017416278986176346
NBN,-0.0,-0.00029750161018016907
NCAM1,0.0,0.00040541044494366344
NCAM2,0.0,0.00035759352007368585
NCAN,0.0010878097110204646,0.0
NCF2,0.001684564398164737,0.002309802845471836
NCK2,0.0,0.0
NCLN,0.0007549911529469183,0.0
NCR1,-0.0004546019972318207,-0.0005418205337520476
NCS1,0.002212547273987456,0.0016682823162160324
NDRG1,0.00019689109735423403,0.0
NDUFS6,-2.0967646292044995e-05,-0.00013735392970582762
NECTIN2,-0.001365755994976013,-3.5126117390306645e-05
NECTIN4,-0.00132729673418165,-0.0022480428584355956
NEFL,0.0,0.001338592553063804
NELL1,-0.0013413068016630426,-0.0011816343830382257
NELL2,-0.0022781474064506968,-0.0011481383079634377
NFASC,-0.0,-0.0005372339458846291
NFATC1,0.0,-0.0
NFATC3,-0.0012534139048979713,-0.001166402441089048
NFKBIE,-0.0014203015018037606,-0.0
NGF,0.00024336676806127077,1.4373788554747371e-05
NID1,-0.0,-0.0
NID2,0.0,0.000848167884714792
NINJ1,-0.0002924080898208195,-0.0
NME3,-0.0006500374579216151,-0.0
NMNAT1,-0.0,0.001035141923829369
NOMO1,-0.0011612140815827853,-0.0014251449229435416
NOS1,0.0008977399442556376,0.0006762472995291318
NOS3,0.0,-0.0
NOTCH1,0.0012927705385536224,0.0014006536965314432
NOTCH3,0.0,0.0004704811607385821
NPDC1,-0.0005190983428555642,-0.0
NPPB,0.00048462056325252107,0.0011285637228211818
NPPC,-0.00016228201014655984,-0.00037265096072091654
NPTN,0.0,-0.0
NPTX1,0.0010777922160889986,2.880043151511464e-05
NPTXR,0.0,-0.0
NPY,0.0,0.0007939003498943119
NRCAM,0.0002249670286030029,0.0001970998180501101
NRP1,0.0010705607278807348,0.0006592832639221136
NRP2,-0.00028649272955302076,-0.000655021835555343
NRTN,-0.0,-0.00011047395052977393
NSFL1C,5.961535114900588e-06,-0.0
NT5C3A,-0.002269398221347139,-0.0017559859959861367
NT5E,-0.0017059725493168392,-0.001822811200755496
NTF3,-0.0009640262204715888,-0.00040004894328949715
NTF4,-0.0007603119961828949,-0.0009704000074371901
NTPROBNP,0.0010299280190615798,0.0007588061333868
NTRK2,-0.001220379689506513,-0.0022029404851024595
NTRK3,0.0,0.0
NUB1,-0.0,0.0
NUCB2,0.0006351310988804801,-0.0
NUDC,0.0,-0.0
NUDT2,-0.0007440469921371716,-0.0009601458922025429
NUDT5,-0.0,-0.0
NXPH1,-0.00040346612859213537,-6.067729978741791e-05
OBP2B,-0.0016878008463469961,-0.0007012614793159952
ODAM,-0.003068251714050932,-0.0030765386450742854
OGFR,-0.00044152481509163855,-4.7525226738773464e-05
OGN,0.0011492234349539808,0.00010078561550066169
OLR1,0.000219821313142198,0.0011167252717347812
OMD,-0.0013748738505790254,-0.0030059919723792973
OMG,0.0,0.0
OPTC,-0.000678552915713731,0.0
OSCAR,-0.0004796008123361176,-0.0
OSM,-0.0011487956765527428,-0.002132905789723081
OSMR,0.00035647508700583253,0.00044651547414590974
OXT,-3.337064979003559e-05,-0.0003198042360860708
P4HB,-0.0005431330912911073,-7.268980818279271e-05
PADI2,0.0003527804479411185,2.8065014017956866e-05
PADI4,-0.0,-0.00030271896001103827
PAEP,-0.0,-0.0009282363979582149
PAG1,0.000106006177376957,0.0
PAK4,-0.0,-0.00021428759581392136
PAM,-0.00015445934989689408,5.72307698076832e-06
PAMR1,0.0,0.000815539446846959
PAPPA,0.0003268934198471272,0.0006195244470382785
PARK7,-0.0,0.0
PARP1,-0.0015582920128001888,-0.0013663817304828308
PBLD,0.0002541114742209057,0.00036727428709544145
PCDH1,-0.00037985645955487417,-0.0003875584479197423
PCDH17,0.0010007313921605366,0.0015555483108722827
PCSK9,0.0020135327798275473,0.002170010752613514
PDCD1,0.001969373860579859,0.001266102224621797
PDCD1LG2,-8.19400087543363e-05,0.0
PDCD5,0.0,-0.0
PDCD6,0.0005917964559265271,0.0006254970525569024
PDGFA,-0.0,-0.0
PDGFB,-0.0002895726696748668,-0.0
PDGFC,0.0010298608989810197,0.0008368887984863891
PDGFRA,-0.0004151434741484463,-0.000878543439727055
PDGFRB,0.0,0.0
PDLIM7,-0.0,-0.0
PDP1,-0.0,-0.0
PEAR1,0.002200681501991371,0.0006563502173705077
PEBP1,0.0,-0.0
PECAM1,-0.005723837906514038,-0.005364833716572471
PFDN2,0.0002371545277155725,-0.0
PFKFB2,-0.0001396438598546428,0.0007531872834762901
PGF,-0.0005094183018389972,-0.0002543987510068858
PGLYRP1,-0.0012788577683471897,-0.0002817793152609422
PHOSPHO1,0.0005358938101703729,0.0004999405201019445
PIGR,-2.6378110252924145e-05,0.00020850661316045574
PIK3AP1,-0.0017870541630127467,-0.0014336366195377957
PIK3IP1,-0.001192032551716095,-0.0
PILRA,0.0,-0.0
PILRB,0.00047543435859515894,0.0009082670826161503
PKLR,-0.0,-0.0
PLA2G10,0.0,-0.0
PLA2G15,0.0,0.0006918383547943369
PLA2G1B,-0.00038691606232451665,0.0009141909211335846
PLA2G2A,-0.0,-0.0006515898508571098
PLA2G4A,-0.0,-0.0
PLA2G7,-0.001343539217917056,-0.002092191466572649
PLAT,0.002276292922412124,0.0004465762447589425
PLAU,0.0,0.0
PLAUR,0.001104857586744749,0.0004763480438712636
PLIN1,0.0009112937452651801,0.0
PLIN3,0.0013990202829606848,0.0012471670460685606
PLPBP,1.6839520804679147e-06,-0.0
PLTP,-0.002308266487315133,-0.0019626860568047783
PLXDC1,-0.0,-0.00019954669520420114
PLXNA4,-0.000422227343793061,-0.0
PLXNB2,0.000417840121888605,0.00018232400336252983
PLXNB3,-0.00015871440539247424,0.0008035445492019064
PM20D1,0.00032256686697372094,-5.591156720724508e-05
PMVK,0.0009899886228811193,0.0
PNLIPRP2,0.00026948256603713397,0.0004865813603152394
PNPT1,-0.000768720749276339,-0.0
PODXL,-0.0012289742578186899,-0.0003534282964046626
PODXL2,-0.0006688730930479495,-0.00011936959444748272
POLR2F,4.2473769999408064e-05,0.0005485841566798376
PON2,-0.0,-0.0
PON3,-0.0,-0.0
PPCDC,-0.0012736519760211179,-0.0
PPIB,-0.0,-0.0006636281639319857
PPM1A,0.0,-5.689439804756087e-05
PPME1,0.0,0.0
PPP1R12A,0.0,0.0005749397403598265
PPP1R2,-0.0,-0.0
PPP1R9B,-3.985142761200841e-05,-0.0
PPP3R1,0.0009201139565266666,0.00042783822512644976
PPY,-0.0011776123474223868,-0.0011521311514102474
PQBP1,0.0014660730695018733,-0.0
PRCP,-0.00010101965707552819,0.0
PRDX1,0.0,-0.0
PRDX3,0.0,0.0010117784508931053
PRDX5,0.0011557666041182976,-0.0
PRDX6,-0.0002996718287688054,-0.0007676422486553554
PREB,-0.0,-0.000150455892234069
PRELP,0.00045564154315502954,-0.0
PRKAB1,-0.0015286580777301767,-0.00014544806407911453
PRKAR1A,-0.000685035264554426,-0.0
PRKCQ,-0.0004585966697538719,-6.677427441575736e-05
PRKRA,3.4634095731832683e-07,0.0
PRL,0.0006620750817348319,0.0
PROC,0.0023659766545370627,0.0024259859484593027
PROK1,-0.00016507718143238313,-0.00047082984258308883
PRSS2,0.0012207123036746988,-8.417079852507332e-05
PRSS27,-0.001194084794114829,-0.001321259810483983
PRSS8,-0.0,-0.0008710695692512765
PRTFDC1,-0.0,0.0
PRTG,0.00011596827478907486,0.0004048874178757696
PSG1,0.00013148392254945222,0.0003939862018318825
PSIP1,0.0025301919406808533,0.0030622249414857384
PSMA1,-0.00033008904093668724,-0.00023318168120452218
PSMD9,0.0,0.0
PSME1,-0.0,-0.0
PSME2,-0.0,-0.0005629824182910606
PSMG3,-0.0,0.0
PSPN,-0.0,0.00047684620747434365
PSRC1,6.154316804055944e-05,0.0
PTEN,0.0002936335115341746,0.00039925873672851613
PTGDS,0.00021337182159012096,0.0007832352092465972
PTH1R,5.72566857438933e-05,0.0003103708607922282
PTK7,0.0,-0.0004270864543978629
PTN,0.0011083103392956505,0.0
PTPN1,-0.001808705008486524,-0.0005638480771414141
PTPN6,-0.002583528202667787,-0.002413945578848277
PTPRF,-0.0020388254893586558,-0.001605056202508711
PTPRM,0.0,-6.904259972279258e-05
PTPRN2,0.0007273091067694382,0.0016347985483775153
PTPRS,0.0011661250556961645,0.0007700529401450805
PTS,-0.00030546816389764235,-0.0
PTX3,0.0,-0.0
PVALB,-0.0,-0.0004296062458369335
PVR,-0.000982540540536271,-0.0006422025326887502
PXN,0.000241793000329746,-0.0
QDPR,0.0,0.0
QPCT,-0.0,-0.0012735348657313397
RAB37,0.0,-0.0
RAB6A,-1.785986250018387e-05,-0.0
RAB6B,0.00012748490538225027,0.0013111866739628063
RABEPK,-0.00034110486439937375,-5.1277467077508605e-05
RABGAP1L,-0.0,-0.00020310899651271303
RAD23B,0.0010553343030752576,0.0014418521702224824
RANGAP1,-0.0006092692168606301,-0.0
RARRES1,-8.652363264960933e-05,-0.00032969257930732875
RARRES2,0.0006267285533183051,-0.0
RASA1,0.0,-0.000331289356924446
RASSF2,-0.0,0.0
RBKS,-0.0009893946682435941,-3.686835561722044e-05
RBP2,0.0,-0.0
RBP5,0.00155071774274094,0.001621875648348552
RCOR1,0.0,0.0
REG1A,0.0006796849751024973,0.0
REG1B,0.0,0.00023857367100373284
REG3A,-0.0,-0.0011218691504298803
REG4,0.0,0.00010729932736583913
RELT,-0.002142061660414525,-0.0018608153060625415
REN,0.004113883814470663,0.003808262580967321
RET,0.0014810472528607804,0.0004222244856699997
RETN,-0.0006146923923382001,-0.0008507139908566727
RGMA,-0.0004668013399155731,-0.0014102003550943236
RGMB,-0.0008945375192878738,-0.00014196863987329342
RGS8,-5.064869584597883e-05,-0.000383903976928547
RHOC,-0.002107405535093983,-0.0
RILP,-0.0,0.00026958716816963615
RNASE3,0.0006572031455259192,2.1104588269424313e-05
RNASET2,0.001011499110701228,0.00178580668090591
RNF41,-0.0,0.00023519782847455722
ROBO1,0.0011246003947135345,0.0011323690988432691
ROBO2,0.0009253009208212808,8.234288684896914e-05
ROR1,0.0,-0.0
RP2,0.0013448014876356533,0.0009730145751513361
RRM2,0.000989956844414285,0.0011160221406205627
RRM2B,-0.004941518532800082,-0.004379654954192011
RSPO1,-0.002054596471610103,-0.0024414809802108324
RSPO3,-0.001125299807188972,-0.001480985561157881
RTBDN,0.0,0.0
RTN4R,0.0,0.0006399573245534164
RUVBL1,-0.00046382429099568143,-0.00034114962531701915
RWDD1,-0.0,-0.0
S100A11,-0.002069854598497741,-0.0021236439086452625
S100A12,-0.0007278789457646706,-0.001031418916621211
S100A16,0.0005815346087095777,0.0009340552059934853
S100A4,-0.001538549926414227,-0.002485182618461222
S100P,-0.0,0.0010608580344516109
SAMD9L,-0.0,-0.0
SCAMP3,-0.0,0.0
SCARA5,-0.00047503153407245374,0.0003830276933863712
SCARB1,-0.0,-2.0041011197121775e-05
SCARB2,-0.0,-0.0019083189532945132
SCARF1,0.0,-0.00017165123538157994
SCARF2,9.5927479787888e-05,0.0
SCG2,-0.0,-0.0005241019056746447
SCG3,0.0018197129378217892,0.000893368372372643
SCGB1A1,-0.0017786559820400125,-0.002138223750054767
SCGB3A2,-0.0,0.00035588491599654033
SCGN,0.0007344389299268504,0.0
SCLY,-0.0,-0.0001599974647039796
SCP2,0.00041481727960660094,-0.0007574107952752649
SCRN1,0.0004548100693021394,0.0005579732632056909
SDC1,9.556745381108612e-05,-0.0004209609658960306
SDC4,-0.0011924026726846779,-0.0013281743750031764
SELE,-0.0003719386825131694,-0.0
SELP,0.0,0.0002984623677974522
SELPLG,-0.0,-0.0
SEMA3F,-0.0009783944527746603,-0.002804678309993348
SEMA4C,0.0002637307211731293,5.6879057439110904e-05
SEMA4D,-0.00011537624570861363,-0.00043355770240889504
SEMA7A,-0.00033505556828628105,-0.0006991380256332068
SEPTIN9,0.0,-0.0002901554939808163
SERPINA11,-0.0016625059169893916,-0.0011339418702882495
SERPINA9,-0.0003476928411320986,-0.0008843295676749988
SERPINB1,-0.0021918833705769827,-0.0
SERPINB5,0.0003129482932866697,0.0
SERPINB6,0.0,-0.0
SERPINB8,0.0,-0.0005860214892026375
SERPINB9,4.432085689688192e-05,-1.3231195980841126e-05
SERPINE1,-0.0,-0.0
SESTD1,0.0,-0.0009498531766860736
SETMAR,0.00024938398197507276,0.0007828929100880122
SEZ6L,0.00018505802456648092,0.0005457880315514978
SEZ6L2,0.0,3.0687699090523155e-05
SF3B4,0.0,0.0
SFRP1,0.0018775128918876401,0.002640452516618134
SFTPA1,-0.000530606685669585,-0.000593390824081675
SFTPA2,-0.0006199259967477124,0.0
SFTPD,-0.0,0.00011249170734500325
SH2B3,-0.0,0.0
SH2D1A,-0.0009207484017404712,0.0
SHMT1,0.0,0.0
SIAE,-0.002389321969701665,-0.0005519762030311004
SIGLEC1,0.0007985438838506663,0.0
SIGLEC10,-0.0005808037803965385,-0.0
SIGLEC15,-0.000425352782913304,-4.37823021322946e-05
SIGLEC5,-0.000944148002164186,-0.0002365130566462888
SIGLEC6,-0.00014635328890176427,-0.0005900823858021629
SIGLEC7,-0.0,0.0006175628010509051
SIGLEC9,0.0002679004785573589,0.000297675765854279
SIRPA,4.511669212590674e-05,0.0
SIRPB1,-0.0,-0.0
SIRT2,-2.5328257864833363e-06,0.0
SIRT5,0.0001376868524103815,-0.00020987954801040575
SIT1,0.0010182098007046176,0.0016298096115124313
SKAP1,-0.0,-0.001000029346310137
SKAP2,0.0,0.00011236230089252057
SLAMF1,-0.00014432038285769683,0.0012474390970026645
SLAMF6,0.00023531020771918373,-0.00012371442823435176
SLAMF7,0.00033384851633185984,0.0
SLAMF8,-0.0,4.367661712689311e-05
SLC16A1,0.0013808012100102313,0.0009229146608807051
SLC27A4,0.0003296947302686971,-7.467964043668085e-05
SLC39A14,-0.0013014299730976428,-0.001323288051970615
SLC39A5,-0.0,-0.0007665210684922679
SLIT2,0.0,0.0007594388858386771
SLITRK2,0.0,0.0
SLITRK6,-0.001257161892485672,-0.0006854980326313376
SMAD1,0.0006085778910128953,0.0
SMAD5,-4.935104359900355e-05,-0.0
SMARCA2,-7.680837831933574e-05,-0.0
SMOC1,0.0010110683652447927,0.0011256674468247082
SMOC2,-0.0004012672588622195,-0.0002618923781637447
SMPD1,0.0005306160843867334,0.000797446961320113
SMPDL3A,-0.0,0.0006378877410086288
SNAP23,-0.0,-0.0
SNAP29,-0.0,-0.0
SNCG,-0.0004078939862907169,-6.304022011207504e-05
SNX9,-0.0,-1.8794433800320433e-05
SOD2,0.004774149490871775,0.004290647162415589
SORCS2,-0.0,-0.0003345337482864811
SORD,-0.0,-0.0
SORT1,-0.0008226696093454329,-0.0018521110603797507
SOST,-0.001392805218233034,-0.001218982565682282
SPARC,-0.0,-0.0007864982376993759
SPARCL1,-0.001335246093070693,-0.0007742009916769041
SPINK1,0.0007383622188966712,0.00022463162125755564
SPINK4,-0.0,-0.0001671694620981652
SPINK5,-0.0007582778379183953,-0.001285487913543933
SPINK6,0.0008196747959788157,0.00013414166687543048
SPINT1,-0.0,-0.0
SPINT2,0.0,0.0004646269759548299
SPOCK1,0.00023379852281404115,0.0003185427794678898
SPON1,0.0011709821266845282,-9.513649501977688e-05
SPON2,0.00010519134971824522,0.0
SPP1,0.0011403327928024654,0.0
SPRY2,-0.0,0.0
SRC,-0.0,-0.0
SRP14,-0.001436757064148622,-0.0018557027200625446
SRPK2,0.00020694041221841342,0.00038598662692219374
SSB,0.00011351556012799458,-0.000136269537283103
SSC4D,0.0,-0.00022215220907323386
SSC5D,0.001606295410995587,0.0007913713863421737
ST3GAL1,-0.000299229450124562,-0.0
ST6GAL1,-0.0,0.00018153499325321154
STAMBP,0.0,-0.0
STAT5B,-0.0,-0.0
STC1,-0.0009853772988063104,-0.0011730646144883854
STC2,-0.0,-0.0
STIP1,0.0,-0.0
STK11,0.0,-0.0
STK24,-0.0,0.0
STK4,-0.0,-0.0
STX16,0.0012109996434400072,-0.0
STX4,-0.0,0.0
STX6,0.00024591256994628476,-0.0003932428248264935
STX8,-0.0,-0.0005600434750277233
STXBP3,-0.0,-0.0009699297091943183
SUGT1,0.0,0.0
SULT1A1,0.0,0.0
SULT2A1,-0.0010332465943076632,-0.0018536903531753389
SUMF2,-0.0014461079376957401,-0.0009725337515332207
SUSD1,-0.0008587609540210197,0.0
SUSD2,0.00036254209118839406,-0.00010880918314153763
TACC3,-0.0,0.0
TAFA5,0.0010954601417432629,0.001481519604200032
TANK,1.5663956900849857e-05,0.0008117534828660168
TARBP2,1.7583980662471185e-05,-0.0
TBC1D17,0.0,-0.0003669405682840308
TBC1D23,0.0,-1.9427714424572783e-05
TBC1D5,-0.0,0.0
TBCB,0.0,0.0
TBCC,-0.0,0.0
TBL1X,-9.878384127906241e-05,-0.001107128664901757
TCL1A,0.0013171433389847112,6.899849506999275e-05
TCL1B,-0.0,-0.00018798398052526295
TCN2,-0.00019831312228879715,-0.00039875981896340837
TDGF1,0.0005663841749433248,2.034157791068079e-05
TDRKH,0.0,-0.0
TEK,-0.0005325098702803705,-0.0
TFF1,-0.0025866491584940064,-0.0020938551846887746
TFF2,0.0,0.0
TFF3,0.00018836835487649436,-0.0
TFPI,-0.0016252778133873944,-0.002115610952559342
TFPI2,0.0007134703925380839,0.0
TFRC,0.0005522414133254262,0.00029440239865622373
TGFA,0.001258592808726071,0.0011255386463930879
TGFB1,-0.0,-0.0
TGFBI,-0.0010349373938630011,-0.000948624265295765
TGFBR2,0.001017154311213285,0.0005879486541954451
TGFBR3,0.0005579857741066413,0.0
TGM2,-0.0,0.0
THBD,0.0008188338787060498,0.0014663556781968163
THBS2,-3.184999411314157e-05,0.0
THBS4,0.0009819208377595647,2.8787041214722276e-05
THOP1,-0.00012901160030822986,-0.0
THPO,0.0016783758021310866,0.001256741281634714
THY1,0.0,0.0
TIA1,0.0,0.0
TIE1,-0.0,0.0
TIGAR,0.0,-0.0
TIMD4,0.0010727374778468047,0.0009094589432539728
TIMP1,0.0,-0.0
TIMP3,0.000247464433762556,7.500298884886925e-05
TIMP4,-0.0,-0.0005644424525169076
TINAGL1,0.00017780279746271304,0.0
TJAP1,0.0,0.0
TLR3,0.0,0.00029420970669967136
TMPRSS15,0.0007369220690260614,0.0
TMPRSS5,-0.00037611256646259656,0.0
TMSB10,-0.0,-0.0
TNC,0.0007732979020146218,0.0016917796766458052
TNF,0.0010544604198411318,0.0
TNFAIP8,-0.00029120707549407386,-0.0001043316035436427
TNFRSF10A,-0.0006695232314214151,0.00028015979278003865
TNFRSF10B,0.00015373427323920076,0.00030810126570312787
TNFRSF10C,0.0,0.0
TNFRSF11A,-0.0,-8.795336382027599e-05
TNFRSF11B,-0.0006850862595322293,-0.0008411421334781168
TNFRSF12A,0.0004848234383832772,9.068767820497029e-05
TNFRSF13B,-0.000997554093416271,-0.0005923858956616771
TNFRSF13C,-0.0005055408808590661,-0.000911060063948883
TNFRSF14,0.0,0.0
TNFRSF19,-0.0,-0.0
TNFRSF1A,0.0,-0.0
TNFRSF1B,0.0011904772873332318,0.00023373183882943784
TNFRSF21,0.0,-0.0005086644965535354
TNFRSF4,0.0007212443484616688,0.0002816737730104893
TNFRSF6B,-0.0002741714216445411,-0.00027555425796799084
TNFRSF8,-0.00252356002030524,-0.00021493805622852584
TNFRSF9,-0.0,0.00025436814300425084
TNFSF10,-0.0005859189066713486,-0.0008688500112050193
TNFSF11,-0.0009061355648649633,-0.001315234402813353
TNFSF12,-0.000351823108247871,-0.0009997821089006045
TNFSF13,0.0011222882377014726,0.0005351081424353715
TNFSF13B,0.0006694464821880836,0.0009184607543322183
TNFSF14,0.0,0.0
TNNI3,-0.0008781153700891437,-0.000257539650593044
TNR,-0.0016762615213272648,-0.0011255819830780613
TNXB,0.0005859318245375872,-0.00038902184157823394
TP53,-0.00048827672795854045,-0.0
TP53INP1,0.00046502884039984686,0.00013087769671067965
TPMT,-0.0005263660824071383,-0.0013857744335924733
TPP1,-0.00024416015317539196,-0.00040254317336865835
TPPP3,-0.0005305679181935477,-3.841786091692199e-05
TPSAB1,-0.0001186538619402031,-0.0
TPT1,-0.0009272828678474612,-0.0006572917885801935
TRAF2,-0.001006433671843162,-0.000598811172054684
TREM2,0.0,0.0
TREML2,-0.0008166586932871966,-0.0011142066630421802
TRIAP1,-0.0,0.0
TRIM21,-0.0,0.0
TRIM5,0.001962039864383346,0.0018245691322272626
TSHB,-0.0036557259458509356,-0.0035710554372956663
TSLP,0.0,0.0004494905629171114
TSPAN1,-0.0002477582344839899,-0.0002338036066485354
TST,-0.00065531880739035,-0.0
TXLNA,0.0033922912039717422,0.0
TXNDC15,0.00019176532841305436,-0.0006107306379318224
TXNDC5,0.0,-0.0
TXNRD1,-0.002776672998602991,-0.001533997390670661
TYMP,-0.0,-0.0
TYRO3,0.00019245413062374893,0.0
UBAC1,-0.0,-0.0006291540759066732
ULBP2,-0.0,-0.0005613247194020273
UMOD,-1.1079005697009564e-05,-0.0005509761513527698
USO1,0.0,0.0006565469114518874
USP8,0.0,0.0
UXS1,0.0006842477604619332,0.0012415748085674086
VAMP5,-0.0015367158836693685,-0.0022505841005065743
VASH1,0.00022806368094326578,0.00029294388063429866
VASN,0.0002207438173819999,0.0007207240649370997
VAT1,2.8220214854442584e-05,0.00010650275068916922
VCAM1,0.0011581483774580634,0.002627766769153151
VCAN,0.0007309355957516807,4.811345446093948e-05
VEGFA,0.0,1.6000004378301384e-05
VEGFC,0.0,-0.00035154861235502555
VEGFD,0.00032735045838701185,-0.0
VIM,-0.0006299677267961028,-0.0007632968746375921
VMO1,-5.7688558840569856e-05,-0.00017304186906403468
VNN2,-0.00035705526843478433,-0.0013324460263155534
VPS37A,-0.0,-0.0003813456543558966
VPS53,0.0,-0.0017052323911969204
VSIG4,5.34443898340497e-05,-0.0
VSIR,0.0,-0.0
VSTM1,0.0003216920362632522,0.00014045513176012782
VSTM2L,0.0011340694614039282,0.0007326331279207853
VTA1,-0.0,-0.0012291483495277273
VTCN1,-0.0007615924782482982,-0.0012997702909562704
VWA1,-0.0017498619533941888,-0.0010596954628148835
VWC2,0.002170523443951627,0.0025643953999039365
VWF,0.0005286902630638745,0.0
WARS,-0.00037148069980889544,-0.0013809925202879726
WAS,0.0006729806946780664,0.0
WASF1,-0.0,-0.0
WASF3,0.0,-0.0002988237461378034
WFDC12,-0.00027539342064957254,-0.00018989607002098857
WFIKKN1,-0.0006623066835565276,-0.0
WFIKKN2,-0.0014406266428418836,-0.00044273548364443687
WIF1,0.00043602253518373754,-0.0
WNT9A,-0.0,-0.0
WWP2,0.0,0.0
XCL1,0.0008164655768411718,-0.0
XG,-0.0,0.0
XPNPEP2,-0.0012262268772703728,-0.001363577429390641
XRCC4,0.0,0.00031178499991493027
YES1,0.0,0.0
YTHDF3,0.000421187029957945,0.00029077675646429623
ZBTB16,0.0014408084488032019,0.001341459136536725
ZBTB17,0.0005541443901729539,0.0017367176718816409
age,-0.005932718312054969,-0.005679531918472705
