,coefficient,coefficient,coefficient,coefficient,coefficient,coefficient,coefficient,coefficient,coefficient,coefficient,coefficient,coefficient,coefficient,coefficient,coefficient,coefficient,coefficient,coefficient,coefficient,coefficient,coefficient,coefficient,coefficient,coefficient,coefficient,coefficient,coefficient,coefficient,coefficient,coefficient,coefficient,coefficient,coefficient,coefficient,coefficient,coefficient,coefficient,coefficient,coefficient,coefficient,coefficient,coefficient,coefficient,coefficient,coefficient,coefficient,coefficient,coefficient,coefficient,coefficient,coefficient,coefficient,coefficient,coefficient,coefficient,coefficient,coefficient,coefficient,coefficient,coefficient,coefficient,coefficient,coefficient,coefficient,coefficient,coefficient,coefficient,coefficient,coefficient,coefficient,coefficient,coefficient,coefficient,coefficient,coefficient,coefficient,coefficient,coefficient,coefficient,coefficient,coefficient,coefficient,coefficient,coefficient,coefficient,coefficient,coefficient,coefficient,coefficient,coefficient,coefficient,coefficient,coefficient,coefficient,coefficient,coefficient,coefficient,coefficient,coefficient,coefficient
BOC,0.12960715306923096,0.13117440182432985,0.12659207219164215,0.1177061252865698,0.11686601893355113,0.14304615653703776,0.13323227588078562,0.10871733899037167,0.1263278344427628,0.11569601910525815,0.13677833090453234,0.09410079856785589,0.0888673454139252,0.1328292821755438,0.14963144939132667,0.11365965679987565,0.08892169412563525,0.12613915617386975,0.12017900245375583,0.11227068024611377,0.12445880258282875,0.14703616288696478,0.11744803562828018,0.139226987349359,0.1161148393626041,0.1184493730682619,0.10261120924451796,0.14596331621687372,0.11043323048961906,0.096463666842388,0.10559700732946278,0.14402294107069774,0.1028480121482308,0.06794436545502976,0.12431790023600361,0.11921895663977225,0.07267340327752043,0.13086716933761727,0.11403681900357643,0.11889140969668283,0.11088406451460381,0.09712377605585493,0.09260496148109656,0.07838322540894188,0.12484187195259497,0.10213269213681497,0.11789066470521274,0.11976232547289226,0.0964747051307442,0.10682568294038296,0.1380515706884374,0.10039284332103587,0.0955130146688708,0.12658125067738754,0.1248165842948624,0.12070078041972944,0.13626718565552126,0.10233933398890589,0.10936635394760665,0.13170718369959078,0.12535794105338452,0.1321786687178134,0.13170745077031282,0.11585878075512784,0.09147488265583299,0.11505272633529538,0.11189065972073284,0.0936231613905553,0.09826374921676874,0.1166114781942404,0.11204278346829438,0.11172132610019943,0.11270109804170166,0.11621466928880479,0.11748946015169527,0.07837927446688167,0.10143201886099498,0.14025914265815662,0.07864382748623175,0.1208333908766152,0.12527523752968442,0.11282546476747171,0.11516453183671425,0.11715535148759476,0.08489847043951602,0.09167265009207594,0.11137806416588097,0.09700991987299218,0.1008179516485428,0.09614843734738804,0.11631821611099172,0.11794025447511736,0.08511870766822247,0.12073461474269717,0.13985114585670141,0.1096161379490916,0.10655723880840721,0.11043125692935034,0.09799528919052018,0.1024691057065731
BPIFB1,0.12974791268411076,0.09149217650330291,0.14092474424385645,0.0903585283330238,0.0937320516936768,0.10931287950144494,0.1231121461784196,0.12455229072197185,0.14150125724113694,0.1435517782920366,0.10571127713913799,0.1132460624427953,0.1397968751953988,0.11658197015580316,0.1569659052664135,0.1256557050475833,0.11300205128347139,0.12451925321013921,0.09920061572669679,0.10529092663865258,0.15641956743285218,0.13909778752787239,0.13857418238303087,0.10560718816067721,0.14025550569398307,0.12352893260991046,0.1094472288319903,0.12573622441495827,0.14009610933059863,0.11054127477292221,0.11093840467793555,0.11297658671937953,0.11532967635340778,0.11860355805404395,0.11664506507995552,0.13866164908946563,0.13827600157895276,0.13397002896724847,0.11303097474228607,0.12483189770443971,0.11303585448286452,0.13908617663510056,0.10941541371234664,0.12341488020149428,0.11774070463415538,0.13686863684507009,0.1199364450299339,0.11858526483511854,0.11297533659370197,0.1325929927620909,0.10464481375660688,0.11789040863386788,0.11939222207244501,0.1465356778517644,0.11436700888127117,0.1503361924285418,0.10174746419341903,0.12607791461549056,0.11543144272952269,0.11110677854537274,0.11323705827445998,0.11749093938879179,0.11880973918606053,0.12589093436159166,0.13450345182841608,0.11938688762388876,0.11590350378762156,0.10635255242735325,0.11546582414162583,0.09903778647315581,0.142927175704486,0.10888635252376834,0.12532762934129513,0.12784375639036702,0.11976570993398346,0.11069800010960035,0.12424380809525158,0.10456932859249438,0.11480600815827387,0.13401054538785262,0.12333248662902487,0.11476605092642063,0.10932968609207018,0.15409009989255898,0.13726380160789295,0.11954532315042658,0.12420117673136774,0.14050508637104284,0.11944871446254797,0.12236321412193871,0.11654894129304084,0.14066424613947331,0.14486719028102796,0.11321172490801332,0.13392588371305236,0.14285601660354044,0.13501106876494237,0.11596213072912864,0.11799807066269806,0.12104834599278376
CCL27,-0.0509036708586611,-0.10052503792686537,-0.08877041268552761,-0.09346253092412903,-0.08897739588720457,-0.0706567965538946,-0.07548088335508113,-0.06831714871570818,-0.07842506947883063,-0.10149869616441214,-0.06771691407130526,-0.05811284741135295,-0.061636107085539654,-0.07318852171313689,-0.09903874047404407,-0.1035119187995764,-0.0749081090429502,-0.08253687061270468,-0.06291669439041501,-0.04669375310599451,-0.08201366555426122,-0.06838124412321175,-0.04871556968119174,-0.08043610020764215,-0.09102661647054452,-0.08312695902873006,-0.097259925729465,-0.08511748677787413,-0.08375966940135524,-0.1344655596436275,-0.0953069347252483,-0.06719466471007901,-0.0651378257561812,-0.08320856803852658,-0.0529383923798357,-0.05460599045232014,-0.07098283683014656,-0.046662610823735476,-0.053541886525332844,-0.08474964017563334,-0.0803575764561041,-0.07939458841799797,-0.09633137533166246,-0.09061913346199166,-0.07786035520258858,-0.0686439114134286,-0.10423022377903404,-0.052908957303171404,-0.07632982416065555,-0.10743726438225806,-0.06350668585635003,-0.046568232681210776,-0.0482326977470143,-0.053556524162363776,-0.07475518639253387,-0.05171815812219206,-0.11578927940061694,-0.08498642299536205,-0.11005862131558591,-0.07496175342668031,-0.051046679545377914,-0.0767060361713248,-0.07653706182731561,-0.10322159046651116,-0.06928656936318518,-0.05247998071700548,-0.08097203981770437,-0.06625407787638268,-0.07651407616476687,-0.08290462513618256,-0.0542273653957625,-0.0657463107936959,-0.054973924987837916,-0.10279248094976429,-0.09366780686026374,-0.08588344927561002,-0.08393945521260462,-0.058337374394094345,-0.06416963013720689,-0.07111502966350541,-0.06834118231339985,-0.08855568622712746,-0.062298827909728315,-0.06614101774322387,-0.07575925094368505,-0.07219741233231144,-0.09420974757423961,-0.0766205731048858,-0.08384230281329481,-0.08664611164332435,-0.09933871634777265,-0.05509330076820048,-0.05672413282015809,-0.09792452077706416,-0.08571235476326226,-0.09382001096392299,-0.09778181663820094,-0.06157849243673373,-0.085164569301164,-0.056940235521036525
CHRDL2,0.07457362207282023,0.11062156740025178,0.07791237209075265,0.0953644256473579,0.09645997275103455,0.055693412354779905,0.13388890525340494,0.08723768056370637,0.10364547732823516,0.05908920460925976,0.10443808887740985,0.08551681824788264,0.09032195290064277,0.07782087216440117,0.08161681486505976,0.10839201807463913,0.08354424694579758,0.06581603191783666,0.06700428511115714,0.11264362397270641,0.10941417668631084,0.07528345258826416,0.09813755844816975,0.05892761457968847,0.08216743206717665,0.1092568328678688,0.0782944941431632,0.06307548209236645,0.13382987618195577,0.11354546818970505,0.09701630560466372,0.11008024162874974,0.10552584610589323,0.08616081076967469,0.09194298971070607,0.08763938903322965,0.10550042676301728,0.08038536626485467,0.07215448698023756,0.08674903825008308,0.09291238938045687,0.10609444373053717,0.08974168397259367,0.08678930980707332,0.09252938768097106,0.1095438914993987,0.12595620817769887,0.09061236966011266,0.07152644360106399,0.07353128853247604,0.10177716192930199,0.05475852572956515,0.09355278651083707,0.07606081726965397,0.09128302486677989,0.04464493719505208,0.10670264849777752,0.08340494604925391,0.0956662401205043,0.1126883176440985,0.08665773342886078,0.09670690507210007,0.09295238514146931,0.05999262204311712,0.07517027679664251,0.07177091656171279,0.10823105165870132,0.09487641486072408,0.07872135912822166,0.06351916603177514,0.05398558132515829,0.11808112306585039,0.10324469893982215,0.07552976424537353,0.096189168443239,0.07082031264805871,0.09163979875260393,0.036438058255631636,0.11314605955580066,0.060632241200732656,0.06978255312160947,0.07294165874782423,0.09464892218419023,0.07352843805828906,0.119976391025097,0.0756049711577803,0.10128915604339646,0.08071496287154252,0.12174065141888649,0.07518057156958402,0.08331520245397696,0.07826876446378686,0.10051006625225176,0.09281106278568615,0.06015072009465054,0.10699447484682499,0.1011902273803203,0.11520092938759337,0.12807156648451695,0.08122765185725081
CNTN1,-0.048230381107954176,-0.07143066541706533,-0.05881572810549301,-0.11219647124962136,-0.10526770751296255,-0.10346198053385346,-0.13559251582561116,-0.07962467617216898,-0.11175098829244635,-0.08192989639278402,-0.06625736067889795,-0.06338854570836715,-0.10380183748859001,-0.09147309505355014,-0.12790903244217877,-0.08668911765000667,-0.07599074207352453,-0.11124215831937703,-0.09796783535617964,-0.08779036034699317,-0.0663024078156328,-0.07821710468074738,-0.07992457993071446,-0.07254066083554257,-0.07125704556818456,-0.09072897962601098,-0.0561015864921406,-0.10032874838761227,-0.11392599761758068,-0.09501442896318692,-0.08013131658442182,-0.08097133548676576,-0.0796654704902353,-0.09199746840044254,-0.1071296858485921,-0.11400530584977217,-0.06512694703202206,-0.09363925520283146,-0.0980678670755963,-0.06718092591515577,-0.04424857098146327,-0.10155153804131797,-0.09873280349148564,-0.058634292487546084,-0.0600476243265402,-0.06953142210592053,-0.09108961090918677,-0.0529720827172384,-0.09417865176367152,-0.09602252514402793,-0.11852675629216529,-0.1013563855398871,-0.0984026807652414,-0.11368526212177217,-0.07279367304382625,-0.08673153489375886,-0.10212773960111937,-0.0492069112803586,-0.06601045412577504,-0.10529758829357681,-0.054492265878424366,-0.06689095299760027,-0.07986948823518673,-0.08617035189892738,-0.057166470471034764,-0.04594947064472632,-0.0809372497205955,-0.08102128794584477,-0.09980173908396972,-0.07222986715312982,-0.07389850863526497,-0.08249571989619431,-0.10653544588937246,-0.10527372901622394,-0.06571449367336725,-0.0950572544385424,-0.10831853621116115,-0.06375487648443869,-0.061250680111881894,-0.08501207680696106,-0.10909314203238758,-0.08439689864214567,-0.060920151343375195,-0.07914420866173356,-0.07336278853783733,-0.08716262317291708,-0.10664702540487349,-0.08619045759211559,-0.12731485700057216,-0.10196500379523314,-0.09129630781154907,-0.06954578516171393,-0.10831960039902162,-0.08696898848012116,-0.06552356704062225,-0.1354482991651267,-0.08925388649711347,-0.10002354531824922,-0.08594793514657668,-0.07357243201491985
COL1A1,-0.0699527723158852,-0.08586435628108427,-0.05434255549688731,-0.06669514725178782,-0.059683851807960986,-0.09177269548738914,-0.040351812213708954,-0.09355828179708957,-0.09197320291116573,-0.10728303650152313,-0.10555026959174184,-0.033729692955332,-0.07322240842264392,-0.059919564675776735,-0.09137183234017215,-0.06952001793000355,-0.055935752254655136,-0.06878644913709452,-0.10373749635903352,-0.09348432039145496,-0.08276318263019795,-0.0869545004826933,-0.06652069141576068,-0.06228007262989798,-0.019405856337656433,-0.09103999962601,-0.0879639415185475,-0.08340224553455207,-0.07309519372810523,-0.07002812732295682,-0.07791336964631232,-0.07229941280687945,-0.03875146722899313,-0.05598576958646024,-0.038448667989640806,-0.06186119940214566,-0.08547179260188906,-0.11290372916430358,-0.05688371136754833,-0.049200015910853316,-0.07898709143083886,-0.10368902288815979,-0.07283474341320106,-0.08052527503999841,-0.10077884698399653,-0.08392568427653681,-0.07432591259571875,-0.04192566969927692,-0.0672331850526972,-0.06219966556333654,-0.06764984889071975,-0.05545537302427765,-0.02429203241676288,-0.03363699873595925,-0.06320310242511386,-0.06131214932665019,-0.055028643416598556,-0.04600798452010321,-0.05113507622040109,-0.07359851877043697,-0.04622921010151201,-0.0694213711906809,-0.035553058694189316,-0.09137414232207632,-0.06800209530100065,-0.05869609895627248,-0.09134192158405112,-0.05733725338132338,-0.07136577414804192,-0.09572751266381861,-0.08650587491701182,-0.0990903420177436,-0.06782485201019331,-0.07753283391528705,-0.07289169558219599,-0.06270701692398614,-0.086410867687201,-0.051798683848092705,-0.0827387932083061,-0.05456403707390925,-0.050799056956925236,-0.05072448372763185,-0.06292251627592903,-0.07222006905688337,-0.08786193656361889,-0.035257079112132265,-0.07353712862601011,-0.04481192182407858,-0.07659284548073743,-0.05268985389076686,-0.06861312403385603,-0.046971239513466274,-0.06256223205658294,-0.091000871290112,-0.06545218798025423,-0.07190432427509713,-0.07677094837040614,-0.07914290348830898,-0.08271237114617323,-0.053646907781657635
COL6A3,0.20834413631464707,0.16997666477236573,0.21990402292388456,0.1908089279486051,0.2023546596735117,0.24160239000988343,0.20725731115652204,0.17593407026483784,0.18680046149957696,0.21527192472705378,0.2091105471016815,0.21092440853342048,0.22298136030396654,0.24634162104326504,0.24693700981637695,0.2163596406432415,0.20265905674756704,0.22467849312525381,0.17024135564714085,0.1660851329061191,0.22366868150318853,0.24787345594291196,0.21414822328368738,0.23169557125524967,0.2876298019482599,0.19998018699876405,0.22973577004511112,0.20941762291745403,0.22843818451260792,0.22893561332516726,0.2176307730491591,0.23810465753862742,0.22158911997934605,0.17600254995402456,0.22319667569204993,0.18871821809021508,0.17702775693800776,0.17580908789863595,0.2224475197520268,0.25870949205573013,0.23709970264127833,0.22036306909981415,0.2176032278488726,0.24142904414995622,0.19772927702296067,0.2251804029519633,0.23442103077430057,0.22484451686454407,0.17852916429235124,0.23076936101770906,0.2583664547584401,0.1988147846282569,0.21943611376862696,0.21440922440550872,0.23923796848623022,0.2093010197115834,0.21753711033434384,0.20002238279022008,0.23245266760616512,0.23368725022095957,0.18397242513709003,0.27360221730626816,0.23743578532669193,0.21102981016878203,0.26744381533697975,0.22582765851487235,0.18363852627671343,0.17850066248715166,0.22195704986308035,0.2020247966956344,0.205047871390493,0.21551637094026144,0.22701411016086345,0.23772503892428629,0.2034895097929662,0.24569494421654006,0.26174463709877194,0.22949852337945256,0.18985904978688717,0.25198985674061875,0.2025030523111379,0.23127371319391055,0.18125422581946704,0.2473152928699621,0.2171394411768122,0.2206074467841196,0.21229446176402533,0.2092239674386848,0.17045385220187245,0.24762245656588816,0.23310984383391703,0.21318819772634973,0.20548789874682993,0.22280284168577874,0.23761830462631997,0.18931143234086117,0.20454038223271856,0.22235277777506046,0.20865241413431046,0.2525920886940241
CRTAC1,-0.14717510274867324,-0.157871042745081,-0.1325337510453773,-0.12999487109886565,-0.15389724285199655,-0.15709023491334875,-0.13373060915382848,-0.1496282924451794,-0.12975634241097994,-0.16259323723679003,-0.15635300269649707,-0.16346997943426528,-0.15636399755213334,-0.13242073997615594,-0.12763692832313142,-0.1587182696913181,-0.1396576143520651,-0.1419128722677551,-0.14209260110455424,-0.13617791672012064,-0.1427413875948818,-0.1337547124905949,-0.1591413582131823,-0.15865379160800475,-0.17134736105618822,-0.15126621119101025,-0.13380652563705606,-0.16850721089611548,-0.12772993790640244,-0.1377063111588289,-0.13213882292720203,-0.16661687228931493,-0.17377082825162138,-0.1637588361950611,-0.16063472844239832,-0.12306988504511972,-0.16246023260491538,-0.13356348777052512,-0.14835565836347087,-0.11766226649984148,-0.14703600078060128,-0.164322912635996,-0.1423858909746977,-0.14802212978074492,-0.15164691910507597,-0.12323361605293963,-0.1356440397735504,-0.14917779746555831,-0.16762260490891825,-0.16623041762999322,-0.14104455861513532,-0.13231071493952454,-0.14961396339254607,-0.14437429179702535,-0.14584040493407402,-0.17859168398544664,-0.15811998002876504,-0.1740356757976893,-0.12167453777082553,-0.11617843526252258,-0.1764157586019914,-0.1470494770632629,-0.12775022139064443,-0.15354886361662065,-0.13765973760276695,-0.16466287764712992,-0.1448227103572971,-0.13004125591628693,-0.14832042513023927,-0.15906593280317485,-0.16369468516776906,-0.1466052203616911,-0.12683212739762967,-0.14568749374886417,-0.1551295176896113,-0.1310383152246523,-0.13262156697231053,-0.17387145374858579,-0.13251902938277135,-0.16418263405777936,-0.15858967783406883,-0.1387196534691513,-0.11967311095426914,-0.1373502795048412,-0.15781115826425834,-0.16160986542258873,-0.1440080488890172,-0.159652839126549,-0.1399764730212485,-0.15665400188459572,-0.12837680792674622,-0.14097271323679522,-0.16417721745562955,-0.16648454630666698,-0.16129653499277952,-0.1633970219860166,-0.1376893705405523,-0.16086932153509048,-0.18833159634360228,-0.16184389417111655
DCN,-0.06671389122535859,-0.09238638623330263,-0.07138463657819429,-0.029124905423619236,-0.07785309708997891,-0.09851456800343793,-0.08918053695423274,-0.007502882522708659,-0.061324391458047044,-0.07046248667042557,-0.06957973108539343,-0.06552293712102061,-0.03599440013180944,-0.09790564233225645,-0.07597353165117263,-0.07520716387844031,-0.053972292223098725,-0.04605117165833487,-0.04960070898940661,-0.051022061974385524,-0.05148871324652206,-0.0813324567356539,-0.053476665663165016,-0.09643024877164974,-0.10379432660102281,-0.08829308439030989,-0.03651729726567516,-0.04940580993852651,-0.09802052016537753,-0.06227823213259602,-0.04555431101881338,-0.07859538613773347,-0.06992021215690028,-0.046144817844911264,-0.04126174488220424,-0.09693665364643864,-0.04746420634294142,-0.0673291903900126,-0.07967098148798471,-0.0575007389258399,-0.09110055840119083,-0.049419804533790225,-0.0525057099393377,-0.05210185374663174,-0.0550421974590138,-0.0328631108197337,-0.07156168633072234,-0.07381544375845919,-0.07866915103602941,-0.054543749773949456,-0.06343740105383712,-0.07599245475072162,-0.06743530910385993,-0.0720649821247128,-0.04045282907186814,-0.07322687134814955,-0.09728894084126166,-0.0602577281317395,-0.041949384760325475,-0.05764929012092455,-0.045246153553177806,-0.09464441192129759,-0.09280524602622754,-0.04647821557862397,-0.0674509846240124,-0.083807144739587,-0.04824987858427982,-0.08653770723340144,-0.059330550432874676,-0.0873948417858556,-0.08428625135862361,-0.056623012401532974,-0.071244917294399,-0.06960014902889874,-0.05176832414064571,-0.04322299065884865,-0.05147904674440179,-0.10555340789173169,-0.08909362258484753,-0.08886315421646199,-0.08901380725200655,-0.06953735913738572,-0.0768615149780439,-0.07429050289568082,-0.06415097728951678,-0.05160672822967357,-0.08041391187330083,-0.07784155504039053,-0.07238060938664724,-0.07257839949788594,-0.06215754487030821,-0.045050497244119636,-0.04242651298254753,-0.059421346607066175,-0.0931117256642538,-0.05781468731446194,-0.05792962918596844,-0.08595919406486725,-0.06268787315271876,-0.07835801799128266
DLK1,-0.1433314069285787,-0.15481173006645246,-0.15914030429832723,-0.1535053097393362,-0.1477012310157237,-0.14230733360266704,-0.17543708825016716,-0.15909230423878531,-0.13002878941405088,-0.15798606847033198,-0.14952914061907713,-0.16009647055538795,-0.13812810515004836,-0.15541048643454103,-0.14825217030175533,-0.13154144012266403,-0.16539338452435295,-0.16220702798694267,-0.12116001465013256,-0.15526252373562255,-0.1310935740325648,-0.17100682204716647,-0.16391832476701573,-0.12919690746706997,-0.17022318229016264,-0.1403206894970361,-0.17294772114646814,-0.19320369876269958,-0.1734172608231568,-0.12285002242338992,-0.09567738413218911,-0.12604551891376742,-0.14275602271937607,-0.1308136218634484,-0.17570084691752602,-0.12470355985396019,-0.1270043886847029,-0.13599738015285903,-0.17141664670373422,-0.15169983003316329,-0.15577354065887156,-0.15523666916417764,-0.12016756811999631,-0.17092480452944298,-0.1353064959989623,-0.19274738999323604,-0.1417000093734893,-0.13086051845811567,-0.1384732267409818,-0.14499445508215703,-0.14134742755320942,-0.11219300983698913,-0.1177432225401141,-0.14719264415525782,-0.17079923652788623,-0.10470222685681686,-0.131248611421938,-0.12323751655678526,-0.1357689130357231,-0.1837353940021061,-0.14441030933690893,-0.1619450204714383,-0.13487112413871613,-0.1423435774188277,-0.14622041010552184,-0.13461581465417832,-0.1223289328498606,-0.1469790730300277,-0.1394846931722933,-0.13611960587448146,-0.10960855005754691,-0.1514665176444233,-0.1705184891192465,-0.16774435045100566,-0.16356258548510802,-0.14040458787997442,-0.1599805618899937,-0.13804858483975016,-0.13726501933794238,-0.1426216822027999,-0.13928957161967648,-0.14319076612821605,-0.15525846111048966,-0.11519588283808135,-0.1532631103170247,-0.17303480439583246,-0.14552894367671973,-0.12150819492311964,-0.14090196843480407,-0.13345368754488268,-0.1227131092598089,-0.13403094105113086,-0.15467647593675335,-0.13709585488923903,-0.11168115416149052,-0.1856219703757564,-0.14140612884324905,-0.12833301778065104,-0.18005593155392513,-0.1678827489708327
DPT,-0.046814800623794985,-0.03963385203349124,-0.037160065744474245,-0.05506462346803221,-0.043828975679413754,-0.07991075027095562,-0.04344018407412724,-0.05787641487428519,-0.07544402376571938,-0.06889874029555505,-0.11239049393572972,-0.04185600856089851,-0.08577717194627625,-0.09829512035516234,-0.027308763409558803,-0.0775424059522254,-0.06084907043471729,-0.07575786555560791,-0.045366521159193915,-0.06376820647971283,-0.08427145142601081,-0.05347513397349907,-0.0381629274876562,-0.0718842553971056,-0.08631560358579514,-0.07692703046591828,-0.07159286961697486,-0.02146343588456696,-0.07172567749290615,-0.05475709905258753,-0.09304690350506677,-0.07281559010758544,-0.08663437981504753,-0.05657234962943177,-0.05793425516678961,-0.0186617878083974,-0.032283859937263806,-0.02306223592483359,-0.057918497950171226,-0.07380039603223824,-0.03218443746680529,-0.06829692018151354,-0.10638058313434287,-0.06472077019625298,-0.0650144382200969,-0.05512504276136777,-0.08586736081988605,-0.06724370147813828,-0.08055965631856411,-0.05197454000814413,-0.11463291881959317,-0.04978801050375954,-0.035066622005056794,-0.04091899175000901,-0.023918031707639988,-0.04749480593587259,-0.058078135113295126,-0.05757589010801945,-0.0931814868559151,-0.0827129174501443,-0.04261184548450357,-0.0887514556579448,-0.08313073638763835,-0.07756241424188669,-0.06425701501760184,-0.05625529382179993,-0.07329915206976727,-0.06726801979042187,-0.06476088298732598,-0.04315099746906752,-0.04684630182215669,-0.07274527058744261,-0.04121120072292568,-0.0831495349075543,-0.07626817726790508,-0.08880470874861524,-0.06559963488008112,-0.06360234233319985,-0.06292149230949655,-0.0631938911704753,-0.0770929429468208,-0.06908946642804742,-0.060301211586522914,-0.06322690495802163,-0.02125074830382017,-0.06606562129070652,-0.06516377233122053,-0.025774879370014256,-0.052316827482398,-0.07931662713432149,-0.0495675310116883,-0.07625232325630567,-0.04052929973249904,-0.08945412147210971,-0.0903042752770438,-0.026638935877265176,-0.04209140998243733,-0.06881003846951401,-0.050283968303481176,-0.06603302460323218
GDF15,0.2628108030943627,0.27034687255411244,0.275136136563436,0.273317893912558,0.25044115211519064,0.2776974196383978,0.2726210637127395,0.2516863557030465,0.28770252053751794,0.29612008099642767,0.2879044764503612,0.26831061720886523,0.26605605828317064,0.2835435048687834,0.2507909041963463,0.27444103650773255,0.29203015730498977,0.29102125644847615,0.27198894925369854,0.26103470510581367,0.2728627385676222,0.2604494253060418,0.26789708316932126,0.25993180131508026,0.24812848390694678,0.267478811734823,0.26858972147109333,0.2681950645834154,0.29451755344875086,0.2628236237463533,0.2826075042526178,0.28557498230069245,0.2935209537559314,0.28363542511470036,0.27254300875943643,0.23533973705526254,0.2727076455383207,0.27992416430801165,0.2711790347305904,0.24170138500972496,0.26361256462316024,0.2557685039564521,0.2810483159083447,0.28591025021293937,0.27264558689904156,0.2767141999918686,0.267607264641861,0.24254289082104655,0.29590836737779197,0.2712372901312275,0.26537378241761306,0.2637050728748785,0.2450993623923761,0.2485991060240141,0.2729986114430739,0.26407278600615464,0.27357433695737005,0.2656481669201432,0.23111291838411965,0.2517528220351281,0.2873111408620301,0.2507423393539109,0.2820732677698643,0.2743636350531389,0.28599128249761546,0.2615569287506904,0.31385857766098035,0.27246946443064624,0.2491264205105762,0.27500932442507836,0.25921879950562193,0.2891168597708302,0.28038813643469007,0.26515542137698067,0.2801585355105974,0.2717366480288385,0.27494240157318955,0.2827747827469975,0.2975928551357767,0.2693024323321772,0.28934397632115166,0.2756759472074085,0.3081498178063306,0.2742835468940031,0.2736594969621337,0.2493057514668512,0.2710219777971428,0.24289540840415655,0.2760642433441044,0.24864864449280444,0.2453110453937422,0.23559495079473575,0.25529457538181255,0.25674475347319137,0.2377666250925463,0.2716531158373782,0.2839733653046923,0.2769735066759757,0.25038927245720255,0.24936266081076064
ICAM1,0.1610806152135618,0.11368100383077055,0.1303580459564675,0.126887946145982,0.11037664011598342,0.1110389463473885,0.11730125799833364,0.1500368910375244,0.1184190155273545,0.13524347687162108,0.10565173648795785,0.14224625893815548,0.11389484951715366,0.13470143415967528,0.11127263458398322,0.11891559875083685,0.1460862621405902,0.14326470897987933,0.11310680496651872,0.14045576907014976,0.09535880461078829,0.14834134448996888,0.10920417220788588,0.10875315723979102,0.12504094216157421,0.14300881189690276,0.13077029719163827,0.138755079101956,0.08650133372174096,0.13816253856061,0.13648198532320394,0.11975567360243364,0.10967071580220626,0.10450584279137776,0.14297579213348097,0.14676512519695828,0.11019994498286807,0.12472725160280312,0.13393477887027133,0.1441595654800127,0.11456728964672892,0.10188457205352718,0.10342861278459466,0.14193373084668814,0.15140554633588432,0.07882807855534488,0.12284680973975909,0.15219763326146013,0.11333939517007217,0.08617024568336401,0.12111764177336118,0.12738583908762252,0.10395542244915786,0.10863750415538996,0.12105765347777794,0.14390349417728535,0.10989396441483551,0.1393342813385205,0.1482090293222227,0.1271295460300349,0.13029151878227357,0.1389133724287771,0.1499091542629511,0.12144661132409527,0.08719160798251946,0.13503920487302973,0.12239216154758821,0.12999343534065988,0.14649173542165622,0.11692174628160694,0.12352375210860596,0.10942896487445741,0.1040948393849363,0.12704357084958623,0.1413852394846556,0.12497602920714954,0.12450149764161704,0.12166570132539822,0.09267746535961362,0.12338758015704762,0.12221146537191044,0.14099521388513683,0.11525688373534757,0.09887483403187616,0.10067339147842524,0.12143432423561934,0.10759157120585752,0.10464619725409154,0.14836588631749464,0.12683723547891806,0.167984053317111,0.1321402917360416,0.1444331258159923,0.11998273993041457,0.14182131867445352,0.1369713626101268,0.11765266743155418,0.1029499071961875,0.13666037360257216,0.14551584587506816
ITGB2,-0.16611210050378622,-0.10667192439543469,-0.14006923923749226,-0.12092119100313918,-0.1356388710091737,-0.13271725266080545,-0.13502799241450295,-0.15779262232127067,-0.10722328550065045,-0.12495967152686598,-0.1231597900715447,-0.1501691380800384,-0.14391991065075294,-0.14691733130691387,-0.11802535611025537,-0.13806622946148894,-0.13213824766980195,-0.13079470729962783,-0.14414429319748773,-0.15718094621428727,-0.1319069106068787,-0.1283590389939478,-0.1363810185030496,-0.1473251027354761,-0.14130054472351278,-0.12834762252112325,-0.16963794134733598,-0.1632135003901547,-0.13053320204505633,-0.13424112698893054,-0.14212803012399158,-0.1624807901649997,-0.12651851032094827,-0.1333861066114067,-0.1431289021263081,-0.15942962931151605,-0.16720056703976102,-0.11718009633502365,-0.10539129279384973,-0.14101762272734733,-0.1504664067009955,-0.11299229617314747,-0.1219052190358448,-0.13830870586229596,-0.16949394664502299,-0.10163860054382971,-0.167365680562427,-0.16938654434818692,-0.11051246767665324,-0.10288740672397273,-0.10383973914407535,-0.09446821894168492,-0.11480733548150694,-0.1505792070754304,-0.15534084807480195,-0.13769506283029942,-0.13346960405933694,-0.19602658213162472,-0.17361051539453526,-0.14188125925242995,-0.1410012736125877,-0.09224778341878698,-0.17707660386633248,-0.10577971995741249,-0.13441708762279203,-0.15716169673172622,-0.10898159816906709,-0.16386998652748527,-0.11309611111668741,-0.10677359906075468,-0.12189167525940812,-0.11765692510218267,-0.1242004203120917,-0.1301498570756467,-0.13451032022236037,-0.10182413928630804,-0.13470414759185498,-0.13246467707619372,-0.13398475914473526,-0.1326341545508354,-0.12025635655752162,-0.15511339207404315,-0.1463487243273824,-0.12751446354716425,-0.11369802538662263,-0.11250232827656395,-0.1215182583668401,-0.1752285405728905,-0.12688279350354023,-0.13739543621443195,-0.1854374737122641,-0.12879748705430624,-0.14022960874580204,-0.15170360098925667,-0.140010969500724,-0.13401573370096215,-0.12826749681377106,-0.11058353945277591,-0.13154676632994042,-0.12458960835439523
KITLG,-0.11105251409482139,-0.05340098162314244,-0.08574639309770407,-0.0996323426418864,-0.11991759241444047,-0.10767067875914071,-0.08600795644914559,-0.09177026261502545,-0.09584440060067047,-0.08513510695097959,-0.07810763927767807,-0.09074675652680668,-0.12406847600012887,-0.08271719276631671,-0.08989438603499496,-0.09550177222214078,-0.057992138081715446,-0.058872053475238814,-0.08388446521878817,-0.06266414205801497,-0.11627992093343238,-0.0752747099155594,-0.13577696220288632,-0.09703253771940817,-0.10546946767932056,-0.08565427663101473,-0.11789653689146355,-0.10672326285672176,-0.07427297887179952,-0.1265107199332031,-0.10785831611153218,-0.10425240871606405,-0.11367574205064657,-0.08930063099432321,-0.06828445759262974,-0.10624913894189955,-0.0923828206557009,-0.10679336545296894,-0.09590310709713748,-0.11510270665334563,-0.09945583625201518,-0.10129504402688987,-0.07706035544201162,-0.11946885046503398,-0.09428521002479946,-0.10870430599678181,-0.071830966504644,-0.13263035143851448,-0.09168579541787952,-0.08720421173334769,-0.0899492372793536,-0.0975463385601861,-0.12259265007403988,-0.12500515910897558,-0.09871236586828463,-0.09231407424712783,-0.07600335662304698,-0.09495541364923496,-0.11700923291779287,-0.0807591795529345,-0.09472958243553237,-0.08199577387706225,-0.08091094273416916,-0.08574038762956987,-0.10057069624896856,-0.1085482459605921,-0.07213841329008976,-0.07579807527504108,-0.09023755923109884,-0.09023690772219296,-0.10909808529792045,-0.11178286150679285,-0.09290818306043201,-0.06398883202715068,-0.08621484289216386,-0.11098998654330694,-0.08933951488869608,-0.09342074569815279,-0.1043966394962243,-0.055087904730459,-0.08144845697832455,-0.10669460257771964,-0.12667070731986924,-0.1142881757690221,-0.09699956880233208,-0.07335499186505366,-0.07613059239305102,-0.1197533578648169,-0.1074050198796044,-0.10337875765705819,-0.09339369082595465,-0.083893248357839,-0.05446568145116946,-0.10385354803215555,-0.09106616374838628,-0.12824939582409842,-0.10757354209007929,-0.09879344446559356,-0.11158274112388335,-0.11026513034112216
PCSK9,0.023361081275951132,0.047574007768457396,0.03712836084212569,0.02893108477912504,0.07166498067557467,0.07885740823539,0.06626078686487817,0.06716903613953727,0.0620868116447666,0.06032721042134281,0.06863504013741968,0.0339746351339171,0.029287206356088433,0.05572470140385914,0.09610911853667424,0.04395737817247942,0.06706202468331336,0.04258102425151943,0.08389908404451313,0.06632203243390133,0.019087592042368918,0.07042397688099117,0.04629545404413394,0.09311315210950637,0.0907980876380898,0.05360417241422093,0.037254370171881865,0.06134137677984608,0.06325134966793819,0.06788520415667314,0.06122441193843389,0.08805348725037364,0.07245415342780236,0.07609581069259587,0.07445815912759284,0.038403169557647554,0.04793937862645613,0.05954842824023307,0.03579281737514212,0.07143004003571735,0.029927483695231863,0.06967226700285949,0.06566826396802145,0.051443779025623915,0.040362651288916154,0.03916833383243249,0.07252422510958136,0.06325737219121289,0.05414939886339319,0.08519667751004897,0.06860620343721147,0.06126388072212713,0.06933332158961529,0.06653197194297643,0.05688746726788382,0.038454081308328225,0.08416887255370928,0.059427808506770964,0.04471068715618586,0.05734064461221359,0.04419451024303663,0.05155322068060751,0.05029467785421781,0.06501095774118236,0.04809370053773624,0.04237837897050827,0.0669395238404451,0.06569613919488704,0.0966099102071924,0.05564820791836472,0.08412074119796,0.06220974970779742,0.07901955097861428,0.06367919217721277,0.058950146111651974,0.0560264550741664,0.028278029131006906,0.03680745443343427,0.03408080878263761,0.05487272255807485,0.07068427237545113,0.06585331970431017,0.08135853146768501,0.052347460028734985,0.06263588212239238,0.052223769937340965,0.06691790471152638,0.09260151702818817,0.06750407095456971,0.05560064973877532,0.0889738092115554,0.08445133770708171,0.03617722751768807,0.06555528294913215,0.050169480626153645,0.05340331179938251,0.05783595460727963,0.021726694716964454,0.07041851079859021,0.03988062244484257
REN,0.10562588253783821,0.11916560173204119,0.120170492734533,0.11920795883295444,0.09243953777717565,0.10033601514074719,0.09485011516747835,0.11919741062631427,0.11394690649807304,0.08979662569790224,0.108844411681064,0.09972699918659982,0.1366071837316938,0.11380707876774293,0.09323300507997845,0.1031234705712324,0.10878942464690208,0.10644695712347932,0.09584964046952914,0.10628062870695076,0.10190358337990353,0.11143336615987001,0.12105239826066179,0.11249332456388483,0.09568858469494934,0.12375328544263078,0.13292768944614755,0.10033184256131515,0.12551932314164413,0.1076132447381148,0.12275897210987047,0.0833510153068449,0.09470974264371684,0.10122369498184826,0.08696001665082297,0.10161128209475538,0.11898487794262828,0.11574441165643085,0.10642726800080936,0.1052101216051039,0.09510502822488646,0.10244482581932716,0.09788650737325189,0.09459323752250268,0.09385921566993,0.10218644083398896,0.09373629172919282,0.10865851426178215,0.11948618403223353,0.09415465940847353,0.09596567603712548,0.0782861188386624,0.10053995473817307,0.10844539681252993,0.11220591369304646,0.11083217044313858,0.10659517504578349,0.11283720217493289,0.1396989322200769,0.10335161161908074,0.12192896712085313,0.10482730346563722,0.0995248610103425,0.11558256940467725,0.09978196669632028,0.12344681443972942,0.08986723249548316,0.13634691868878404,0.09953820840474058,0.0912625890917456,0.1218155962355267,0.08815154106422222,0.11226404452854105,0.1237412257882391,0.12253580614489017,0.10643330631671159,0.08559323995956913,0.1057036976979337,0.0960683472374046,0.08980268192273921,0.08072575518230266,0.1032219828710307,0.10977939240712618,0.09871224092668897,0.09160754604085986,0.1379197522819788,0.12062492963769078,0.13367906578269206,0.0964296221408385,0.10585553840345079,0.08796466422200051,0.10946054193514108,0.09613937041801544,0.10328381402965349,0.12313898491038767,0.090324089006901,0.12834653101805307,0.11821722490404671,0.10562489968608221,0.08838383399967534
SPARCL1,-0.05213758334134838,-0.03478634501626194,-0.04969811508134858,-0.06365842875620531,-0.030625000627102814,-0.03124933210524533,-0.06009991997173478,-0.04640507313912411,-0.044001560842688206,-0.04671868641093526,-0.07176389687897111,-0.046034869203371576,-0.04806964030376238,-0.047448272485652955,-0.058397686294374994,-0.015326806953825028,-0.08656676704882585,-0.048249703618009426,-0.08871171859847622,-0.0789766635724175,-0.021362963344472238,-0.06496973104337007,-0.03756168701499055,-0.0435372927460608,-0.05087970019279613,-0.03521104939645337,-0.05457963634413713,-0.0483544433886855,-0.03752009640948753,-0.06489377142081246,-0.04888771455455646,-0.047572972275957436,-0.05455887524691951,-0.0398594248605665,-0.05522541570876576,-0.03313503095493501,-0.03479936531144988,-0.04400724453527011,-0.05561194035805147,-0.07429513103459495,-0.04852883628399926,-0.04670361906841499,-0.06945517700887933,-0.0533313835991889,-0.019282891170971844,-0.04091839683250025,-0.024869775671324198,-0.06667851774449098,-0.048801962879690616,-0.04869102234147845,-0.0739015660547116,-0.023479361600453438,-0.007431070475862981,-0.026452028321983713,-0.0424698190710468,-0.0247184082399666,-0.05318321789550745,-0.03501173839730121,-0.052555705692892855,-0.04034120919432658,-0.01462244404310601,-0.07665715846692518,-0.030531658502986905,-0.03524634439651243,-0.04195519331150446,-0.04226733853532777,-0.05234203785288908,-0.05455155185245232,-0.040652615024622925,-0.028735477612630143,-0.07026571212627762,-0.05837002339573796,-0.054611225990352945,-0.05437332620742475,-0.07516639549468733,-0.034016090184133235,-0.026346234513183887,-0.01650974016934027,-0.0027822304289758814,-0.0649137735236899,-0.0582158759386511,-0.0269710329106386,-0.027717316689730556,-0.05376055067771751,-0.0791696371119716,-0.06212480544946752,-0.06426803978106761,-0.02660008681063166,-0.017864186813464456,-0.049955359671775626,-0.08131227312940757,-0.059769174187138195,-0.07206888920796646,-0.047457217869990714,-0.06788753092746681,-0.05141884697000659,-0.05277207218127937,-0.04184855837653023,-0.04657214020779804,-0.04188819940676806
SPP1,0.14870426924022792,0.17606989741649717,0.17605157258704823,0.17714641512995458,0.18346451196210842,0.17012279299095973,0.16404139209175675,0.17057751589500755,0.18969527999428434,0.20213920089624313,0.18860886387240383,0.1803473676468289,0.18847811264649836,0.1516107389977286,0.163595021611047,0.15056038664754148,0.1660997699367891,0.1987622002246634,0.20078413207641416,0.17440950763987711,0.1803037864106213,0.14644065558169614,0.15917845516766974,0.14510187504175673,0.13643959195970953,0.20330233738599118,0.18439810022996866,0.18106831071013663,0.17602419112471682,0.17867180876475514,0.1579278427687629,0.18382381114013566,0.1413657396991389,0.1437230251086158,0.16725570842276877,0.18499722668111768,0.2021638569792065,0.18412160309902253,0.1683116080685206,0.16518383439594148,0.15847483904863627,0.18796520942236586,0.15682937070669778,0.15424137179586306,0.20871587542463418,0.19722470249239463,0.16825176751668228,0.1416769990763332,0.1802328368480594,0.1610353796118811,0.16077129315761263,0.16323582509927773,0.140579256642598,0.15180238089902373,0.15549184951241135,0.14595482262007312,0.18228456830526563,0.16254115452293336,0.1834614848438324,0.13659475295870027,0.15106099676600504,0.17763690015002073,0.14484847363673883,0.18297413534604218,0.1733806982802814,0.16819392530448676,0.1803229153856049,0.1911998747034678,0.16913675194872405,0.20495651984580948,0.20781834395005658,0.17515812168058761,0.1548277831249269,0.20566226309450727,0.18258146535855566,0.15881388859598794,0.12391517229682994,0.1521597717132031,0.17606986430326457,0.1524025791109067,0.18203274215450016,0.15099479499111204,0.20659638798839325,0.17628791975925975,0.1834443644728932,0.14840332349814256,0.20463294709965957,0.16050245093625698,0.19145600490707296,0.17685595542278593,0.18438359286532316,0.13795842757671511,0.1572772053733836,0.18360396210933647,0.1472825272962528,0.20266918701138678,0.19360996533698688,0.19615327343318212,0.17767632570122238,0.12645838490280378
XG,-0.07256216838002434,-0.05531620186194695,-0.09616601460846644,-0.05365359347113944,-0.03050500738659858,-0.05580091626875268,-0.03984536997829016,-0.0483306281092276,-0.09093741211589024,-0.06923903898376445,-0.04724237764240154,-0.09985132746378292,-0.08312210465279979,-0.048257420516256824,-0.061510409269616075,-0.0688717965428801,-0.061607496837992576,-0.07954470925014558,-0.04000993929335182,-0.05638610424333905,-0.06480204908275096,-0.10532301232535196,-0.0844881115164874,-0.06331909855099654,-0.11714586790023683,-0.06698293023360177,-0.0611585502909102,-0.05180990550317089,-0.03430314388593635,-0.08244229006496698,-0.05574701863211782,-0.10453192408709651,-0.039233439077603564,-0.057083148177073044,-0.08100644840020955,-0.0771177223686928,-0.08357091987317197,-0.07818347237511332,-0.08302790181767053,-0.09892057087362623,-0.0687210625946649,-0.08009811247153711,-0.03923144437370252,-0.0699789376742415,-0.09987721865365201,-0.07231074117600944,-0.07779474365012293,-0.0663413867461614,-0.03219958041124115,-0.07904041238999046,-0.054142006597285915,-0.07531633015963948,-0.09202078394939375,-0.0492728833419202,-0.08065632145272243,-0.08194625026133855,-0.07050689487521578,-0.06957755617090328,-0.09453647216128208,-0.054354306822608764,-0.07577825377769068,-0.07067585474806469,-0.044487876593798006,-0.07142769712085484,-0.1159994492607727,-0.08052083521338393,-0.096062419027972,-0.06786371186003631,-0.08665260756368705,-0.10457064570390265,-0.09901135972798784,-0.06266661261372394,-0.06744836674937112,-0.06264220486833465,-0.02422182915812974,-0.10275540949121245,-0.08302393432182191,-0.09900267813414038,-0.05319172033063243,-0.11213582351537947,-0.06423302082650441,-0.04480002592920837,-0.09444393043717363,-0.08255064271872316,-0.06986132294578835,-0.06318020437933664,-0.05927644789703311,-0.0983133903742796,-0.05893597359949665,-0.07238519557060985,-0.09660192872457048,-0.05924842723637016,-0.061783880554274764,-0.05872422812162224,-0.06534455242807444,-0.020607037223237087,-0.07616894407874639,-0.05133270053160882,-0.016086833729311974,-0.08045005904136861
