,coefficient
AARSD1,0.0
ABHD14B,-0.0013305827166129798
ABL1,0.0
ACAA1,0.0
ACAN,0.0008679342084977129
ACE2,0.001751970190070377
ACOX1,-0.0
ACP5,6.631668233413785e-05
ACP6,-5.20578931755858e-05
ACTA2,-0.0
ACTN4,-0.0
ACVRL1,-0.0015943730628628979
ACY1,-0.0
ADA,0.00011786425355655867
ADA2,0.002346556654816084
ADAM15,-0.0005726563525135266
ADAM22,-0.0006709159229795884
ADAM23,-0.0
ADAM8,0.0
ADAMTS13,-0.0
ADAMTS15,0.00022530578931348314
ADAMTS16,0.0
ADAMTS8,-0.0016283412300431511
ADCYAP1R1,7.479038334928112e-05
ADGRB3,-5.507618810109454e-05
ADGRE2,-0.0031983668157160314
ADGRE5,-0.0020132721285334634
ADGRG1,0.0
ADGRG2,0.0005541524452508243
ADH4,0.0
ADM,0.000579709008475384
AFP,-0.0
AGER,-0.0008196587834623594
AGR2,0.0015631600911731511
AGR3,3.429603149946629e-05
AGRN,-0.000289660089741003
AGRP,-0.002186456572605698
AGXT,-0.0008560770634825205
AHCY,0.0
AHSP,0.00010922690399999135
AIF1,-0.0
AIFM1,-0.0
AK1,0.0
AKR1B1,9.198470596519107e-05
AKR1C4,-0.0006180450649829729
AKT1S1,0.0
AKT3,-0.0
ALCAM,0.0005632207544211729
ALDH1A1,-0.0
ALDH3A1,0.0008688288147031283
ALPP,-0.0
AMBN,-0.0
AMBP,0.0025686836667882644
AMFR,-0.0
AMIGO2,-0.0008525031076575236
AMN,0.0008438391710485386
ANG,0.0
ANGPT1,-0.0
ANGPT2,0.0
ANGPTL1,0.0
ANGPTL2,-0.0
ANGPTL3,-0.0009074161319217679
ANGPTL4,-0.0006826641975824683
ANGPTL7,0.00020244923900688714
ANKRD54,-0.0
ANPEP,0.0004979377001291533
ANXA10,0.0031639026427792397
ANXA11,0.0
ANXA3,-0.0
ANXA4,0.0
ANXA5,-0.0
AOC1,0.0
AOC3,-0.0
APBB1IP,-0.0
APEX1,0.0
APLP1,0.0
APOH,0.0005210452678846294
APOM,-0.0
APP,0.0
APRT,-0.0
AREG,0.00135801101227883
ARG1,-0.0
ARHGAP1,0.0
ARHGAP25,-0.0007636068821180247
ARHGEF12,0.0
ARID4B,0.0
ARNT,0.0010944423051630825
ARSA,-0.0
ARSB,0.0
ART3,-0.002287749205358989
ARTN,0.0
ASAH2,0.0005724605947079378
ASGR1,0.00249187464312062
ATF2,-6.945372048926637e-05
ATG4A,0.0
ATOX1,0.0017645286957407612
ATP5IF1,-0.0
ATP5PO,0.0
ATP6AP2,0.0
ATP6V1D,0.0
ATP6V1F,0.00011838415554394514
ATXN10,-0.0
AXIN1,0.0005033976643785299
AXL,8.593740524738751e-05
B4GALT1,0.0011825977478699815
B4GAT1,-0.00026802377457838536
BACH1,0.0
BAG3,0.0001060751799724883
BAG6,-0.0
BAIAP2,-0.0
BAMBI,0.0009205616985718543
BANK1,0.0
BAX,0.0
BCAM,0.0
BCAN,-0.001040918239502374
BCL2L11,0.00013166130052326083
BCR,0.0
BGN,-0.0
BID,-0.0011751896487366712
BIN2,0.0
BIRC2,0.0
BLMH,0.0
BLVRB,0.0
BMP4,0.0
BMP6,-0.0006836538859010904
BOC,0.0
BPIFB1,0.0005723092590876272
BRK1,0.0006329036000937002
BSG,-0.0
BST1,0.00033883536994326467
BST2,0.002742347200624385
BTC,-0.0002246937316336325
BTN2A1,0.0
BTN3A2,0.001210144855328187
C19ORF12,0.0
C1QA,-0.0
C1QTNF1,-0.000976094322497485
C2,-1.5114717098247e-05
C2CD2L,0.0
C4BPB,0.0
CA11,0.00013393386680176858
CA12,-0.0002564677173153957
CA13,-0.0
CA14,-0.0035288381677931894
CA2,0.0
CA3,0.001050180535274112
CA4,0.0003083135378182544
CA5A,0.0
CA6,-5.79982125588246e-05
CA9,-0.0
CALB1,0.0001886540121754108
CALB2,0.0
CALCA,-0.0019174969532735832
CALCOCO1,0.0
CAMKK1,0.0006466259029790064
CANT1,-0.0
CAPG,0.0
CARHSP1,0.0
CASP1,-0.00023385880122386913
CASP10,-0.0
CASP2,-0.0
CASP3,0.0
CASP8,0.0
CBLIF,0.00023204110043699468
CBLN4,0.0002604717689116917
CC2D1A,0.0
CCDC80,-0.0
CCL11,0.00048104874638278254
CCL13,0.0
CCL14,0.0
CCL15,0.0
CCL16,0.00022761649114159423
CCL17,0.0007938174479491855
CCL18,0.0005302282185543119
CCL19,0.0012481099157915787
CCL2,-0.0
CCL20,0.0
CCL21,0.001649023885576629
CCL22,0.0
CCL23,-0.0008259650431915828
CCL24,-0.00023832945142534346
CCL25,0.0
CCL26,-0.0
CCL27,0.0
CCL28,3.3562571692635826e-05
CCL3,0.000645471132745739
CCL4,-0.0
CCL5,0.0
CCL7,0.00034474755543420217
CCL8,-0.0
CCN1,0.0005255193515668908
CCN2,0.0
CCN3,0.0
CCN4,0.0
CCN5,-0.00117234661541479
CCS,0.0
CCT5,-0.0
CD109,-0.0
CD14,-0.00032124638931486373
CD160,-0.0006269150615000746
CD163,0.00012795730475001588
CD164,0.0
CD177,-0.0005940218491607863
CD1C,-0.0
CD200,-0.0
CD200R1,-0.0004923698801407176
CD207,0.0
CD209,-0.001045056378074906
CD22,1.1570572459341626e-05
CD244,-0.0
CD27,0.0
CD274,-0.0
CD276,0.0010867593248459224
CD28,-0.0
CD2AP,-0.0
CD300C,0.0
CD300E,0.0
CD300LF,0.0
CD300LG,0.0
CD302,0.0019773228612256053
CD33,7.313176385497842e-05
CD34,0.0008209622662046187
CD38,-0.0014510492921865866
CD4,0.00026687256031156123
CD40,0.0
CD40LG,0.0
CD46,0.0
CD48,0.0005676780012020261
CD5,0.00038730137368864274
CD58,0.0
CD6,-0.0
CD63,-0.0007805202545921807
CD69,0.0
CD70,-0.0
CD74,0.0007307367331037479
CD79B,0.0
CD83,0.0
CD84,-0.0
CD8A,-0.0
CD99,0.0
CD99L2,0.0010300787295601517
CDC27,0.0
CDC37,-0.0
CDCP1,0.0015256503405617092
CDH15,-0.0015862911765804524
CDH17,-5.362106727185181e-05
CDH2,0.0
CDH3,-0.0037195667959562645
CDH5,-0.0
CDH6,0.0
CDHR1,0.0006122033528720662
CDHR2,-0.0016009648550976666
CDHR5,0.000646900911689759
CDKN1A,0.0
CDKN2D,0.0005952173041262241
CDNF,0.0017940307859824972
CDON,0.0
CDSN,0.0006262946541740008
CEACAM1,-0.0016085490404397465
CEACAM21,-0.0
CEACAM3,0.0
CEACAM5,0.001751175767341531
CEACAM8,0.0
CEBPB,-6.360496252209772e-05
CELA3A,-0.0008608734792897399
CEP164,0.0003911628663845919
CEP20,0.0006039587888103367
CEP43,0.0
CEP85,0.0
CERT,0.0
CES1,0.0
CES2,0.000375817466475714
CES3,-0.0009690576111816481
CETN2,-0.0
CFC1,0.0007430296525606256
CGA,0.0005675619490583003
CGREF1,0.000574426997091263
CHAC2,-0.0
CHEK2,0.0001539971264607418
CHGB,-0.0022129683330184254
CHIT1,-0.00010294815183209901
CHL1,-0.0
CHMP1A,-0.0
CHRDL1,-0.0
CHRDL2,-0.00011163793904075198
CIAPIN1,0.0
CKAP4,0.0
CKMT1A_CKMT1B,0.0006536665535044633
CLC,0.0018677085878165828
CLEC10A,-0.0
CLEC11A,-0.0
CLEC14A,0.0
CLEC1A,-0.0005619161414208008
CLEC1B,0.0
CLEC4A,-0.00021353213629592501
CLEC4C,-0.0005056529526709976
CLEC4D,0.0006930102401156462
CLEC4G,-0.0
CLEC5A,-0.0
CLEC6A,-0.0
CLEC7A,-0.0
CLIP2,0.0
CLMP,0.0
CLPP,-0.00039372537292646113
CLPS,5.481759890175506e-05
CLSPN,0.0
CLSTN1,-0.00038394287375963346
CLSTN2,-0.0
CLTA,0.00014363196346299569
CLUL1,0.0
CNDP1,-0.0012200183692823907
CNPY2,-0.00015161831613095256
CNPY4,-0.0
CNST,-0.0
CNTN1,-0.0011114815493681871
CNTN2,0.00020565868086186976
CNTN3,-0.0002534203944031536
CNTN4,-0.0
CNTN5,-0.0009976035811662348
CNTNAP2,0.0
COL18A1,0.0
COL1A1,-0.0011766449527440405
COL4A1,-0.0
COL6A3,0.0
COL9A1,0.002320624737658773
COLEC12,0.003239541757581911
COMP,-0.0
COMT,9.179131726478495e-05
COPE,-0.0
COX5B,-0.0
CPA1,0.0
CPA2,-0.0
CPB1,-0.0
CPE,-0.0006727643816039127
CPM,0.0009147606503843538
CPPED1,0.0
CPVL,0.0
CPXM1,-0.0
CR2,0.0005216342780029019
CRACR2A,0.0006759931245659307
CRADD,-0.0
CREG1,-0.001613937118606218
CRELD2,-0.0
CRH,-0.0
CRHBP,0.0
CRHR1,-0.0
CRIM1,0.0008725723161415076
CRIP2,-0.0
CRISP2,-0.00030165998427316505
CRKL,0.0
CRLF1,-0.0011521561380900824
CRTAC1,-0.0
CRTAM,0.0
CRX,0.00034227309019911156
CSF1,0.0010379613415098454
CSF2RA,0.0
CSF3,-0.0010039704592134456
CST3,-0.0
CST5,-0.0014252026519233232
CST7,-0.0
CTF1,0.0006224481227560674
CTRB1,0.0
CTRC,0.00010280215924455955
CTSB,-0.0015636621949497243
CTSC,0.0
CTSF,0.0
CTSH,-0.0
CTSL,0.0018701809446511892
CTSO,0.0015696676745019602
CTSV,0.0
CTSZ,-0.0
CX3CL1,-0.0
CXADR,0.0006450724208165791
CXCL1,-0.0
CXCL10,0.0
CXCL11,0.0
CXCL12,0.0
CXCL13,-0.0010520620488863365
CXCL14,-0.0006792535274859664
CXCL16,0.0
CXCL17,0.0002805682872451763
CXCL3,-0.0
CXCL5,0.0
CXCL6,0.0
CXCL8,-0.0005494240235586063
CXCL9,-0.0
DAB2,0.0
DAG1,0.0
DAPP1,0.0
DARS1,-0.0
DBI,0.0
DBNL,0.0
DCBLD2,0.0022672189308936192
DCN,0.00021062726755620122
DCTN1,0.00022882033063778432
DCTN2,0.0
DCTN6,0.0
DCTPP1,0.0
DCXR,-0.002111209802853312
DDAH1,0.0
DDC,-0.0
DDR1,-0.0
DDX58,-0.0
DECR1,0.0
DEFB4A_DEFB4B,0.0008392541931895498
DFFA,0.0
DGKZ,0.0
DIABLO,-0.0
DKK1,0.0
DKK3,0.00040873839767264076
DKK4,-0.0011305486034681599
DKKL1,0.0001121644114472761
DLK1,-0.0016552909525978556
DLL1,0.0
DNAJA2,0.0
DNAJB1,0.0
DNAJB8,0.0
DNER,-0.0
DNMBP,0.0
DNPH1,-0.0
DOK2,-0.0
DPEP1,-0.0
DPEP2,-0.0
DPP10,-0.0
DPP4,-0.0014563635888643941
DPP6,0.0
DPP7,0.0
DPT,0.00018102595712499682
DPY30,3.059456414838311e-05
DRAXIN,0.0007626239730284417
DRG2,-0.0
DSC2,0.001471295011412706
DSG2,0.0009027935055880674
DSG3,0.00191783664868698
DSG4,0.0
DTX3,-0.0006011024552762785
DUOX2,-5.9881946011701604e-05
DUSP3,-0.0
EBAG9,0.0
EBI3_IL27,-0.00019577631068918888
ECE1,0.0
EDA2R,-0.0
EDAR,-0.0009301919170373008
EDIL3,-0.0
EFEMP1,-0.0
EFNA1,0.0
EFNA4,0.0007790988351869312
EGF,0.0
EGFL7,1.409486586309668e-05
EGFR,-0.0019270182998319956
EGLN1,-0.0
EIF4B,-0.0
EIF4EBP1,0.0
EIF4G1,0.0
EIF5A,-0.00026380748854902206
ELOA,-0.0
ENAH,-0.00011408734093314967
ENG,0.0004165742496513074
ENO1,0.0
ENO2,0.0
ENPP2,-0.001948591080477444
ENPP5,-0.0002220307461803977
ENTPD2,0.0
ENTPD5,0.0
ENTPD6,0.0
EPCAM,0.00010185135097048989
EPHA1,-0.0015783499801739998
EPHA10,0.0003051173674901136
EPHB4,0.0008435578522723169
EPHB6,-0.0
EPHX2,0.0
EPO,0.0008436171526782051
EPS8L2,-0.0
ERBB2,2.932660454647939e-05
ERBB3,2.8628162852081532e-05
ERBB4,0.0014789902051868082
ERBIN,0.0
EREG,-0.0
ERP44,-0.0006554042637020324
ESAM,0.0
ESM1,-0.0001833636225713132
EZR,0.0
F11R,0.0
F2R,-0.0
F3,0.0
F7,0.0
F9,-0.0
FABP1,0.0
FABP2,-0.0
FABP4,0.0
FABP5,0.0
FABP6,0.00045877531786704586
FABP9,-0.0
FADD,0.0
FAM3B,4.7885414641558054e-05
FAM3C,0.0
FAP,-0.0
FAS,-1.6065033187317365e-05
FASLG,-0.0
FBP1,-0.00020916853131109367
FCAR,-0.0
FCER2,0.0019258787694626544
FCGR2A,0.00013763349775254243
FCGR2B,-0.0001597158030858126
FCGR3B,0.0005009838918887727
FCN2,-2.358635291064029e-05
FCRL1,0.0
FCRL2,-0.00047334449706289676
FCRL3,-0.0005062319924906225
FCRL5,-1.620719476880269e-05
FCRL6,0.0
FCRLB,-0.0001398859821629404
FEN1,0.0004052448349758577
FES,0.0
FETUB,0.0008307949914889348
FGF19,-0.0
FGF2,-0.0
FGF21,-0.0
FGF23,-0.0
FGF5,0.0
FGFBP1,0.0
FGFR2,0.0029245062794267863
FGR,0.0
FHIT,0.0
FIS1,0.0
FKBP1B,-0.0
FKBP4,0.0006215816057399787
FKBP5,0.0
FKBP7,-0.0
FLI1,0.0
FLRT2,0.0011612268727163818
FLT1,-0.0007905418668608192
FLT3,-0.0006416913957701092
FLT3LG,-0.0
FLT4,-0.0
FMNL1,-0.0
FMR1,0.0
FOLR1,0.0014440193737744141
FOLR2,0.0
FOLR3,-0.0005204691779979984
FOSB,0.00019363155031700308
FOXO1,-0.0
FOXO3,-0.0
FRZB,0.00010780869441304877
FST,-0.0
FSTL3,0.0
FUCA1,0.0
FURIN,0.001415560945222597
FUS,-0.0
FUT3_FUT5,0.0001478068823547979
FUT8,-0.0
FXN,-0.0
FXYD5,0.0
FYB1,0.0
GAL,-0.0
GALNT10,0.0
GALNT2,-0.001099399594384974
GALNT3,0.0002083260676467491
GALNT7,0.0
GAS6,0.0
GBP2,-0.0
GBP4,-0.00013765393666617413
GCG,0.000695049025653611
GCNT1,-0.0
GDF15,0.0013296888655610721
GDF2,-4.7986702337787e-05
GDNF,0.0
GFAP,-0.0012999454723406105
GFER,-0.0007073441122119098
GFOD2,0.00025828141270123643
GFRA1,0.0001128086754491644
GFRA2,-0.0
GFRA3,-0.0
GGA1,0.0
GGH,0.0
GGT1,0.002334411680957996
GGT5,0.00012953804846464615
GH1,-0.0
GH2,-0.0
GHRHR,0.0
GHRL,0.0
GKN1,0.0
GLB1,0.0005091522178728197
GLO1,0.0012738336822928666
GLOD4,-0.0
GLRX,-0.0
GLT8D2,8.16304829265386e-05
GMPR,0.0
GNE,0.0005028797598985435
GNLY,0.0008198177013865717
GOLM2,0.0002358502533148365
GOPC,0.0
GP1BA,0.0
GP2,-0.0
GP6,-0.0
GPA33,0.0
GPC1,-0.0
GPC5,-0.00025808080082890655
GPKOW,0.0
GPR37,-0.0005545295276443196
GRAP2,0.0
GRK5,0.0
GRN,0.00012876200594322932
GRPEL1,0.0
GSAP,-0.0
GSTA1,0.0
GSTA3,0.0
GSTP1,0.0009473263752603682
GUCA2A,-0.00027478633751436656
GUSB,0.0028253734630064686
GYS1,-0.0
GZMA,-0.00041097074473554816
GZMB,-0.0014665582106712005
GZMH,0.0
HAGH,-0.0
HAO1,-0.0
HARS1,0.0
HAVCR1,0.0019546434160526097
HAVCR2,0.0
HBEGF,-0.0
HBQ1,0.0
HCLS1,0.0
HDGF,0.0
HEBP1,0.00016644401995603763
HEXIM1,0.0
HGF,0.0
HGS,0.0
HK2,-0.0
HLA_DRA,0.0005420895071535105
HLA_E,-7.04492091726404e-06
HMBS,-0.0
HMOX1,-0.00043497803153491214
HMOX2,0.0
HNMT,0.0
HNRNPK,-0.0
HPCAL1,0.0
HPGDS,-0.000928881717903703
HS3ST3B1,-0.0005484336244664145
HS6ST1,-0.00011998245059173099
HSD11B1,-0.0
HSP90B1,0.00017583616160642517
HSPA1A,0.0
HSPB1,-0.0
HSPB6,-0.00010927892874514643
HSPG2,-0.0
HTRA2,0.0
HYAL1,0.002091482312822696
HYOU1,-0.00019630758709268878
ICA1,0.0
ICAM1,0.0
ICAM2,-0.0
ICAM3,0.00026293874750264246
ICAM4,-0.00034853986771654513
ICAM5,0.0004986218171091882
ICOSLG,-7.44276909183264e-05
IDI2,0.0
IDS,0.0
IDUA,0.0
IFNG,0.0
IFNGR1,-0.0
IFNGR2,-0.00012597721132834384
IFNL1,-0.0
IFNLR1,-0.0
IGF1R,-0.0
IGF2R,0.0008965752506528778
IGFBP1,-0.0
IGFBP2,-0.0
IGFBP3,-0.0020592729238540874
IGFBP4,-0.0
IGFBP6,-0.0
IGFBP7,0.0003732934945538557
IGFBPL1,-0.0012265562026480222
IGSF3,0.0
IGSF8,-0.0
IKBKG,0.0
IKZF2,0.0
IL10,4.048693170573236e-05
IL10RA,0.0
IL10RB,0.0
IL11,2.3169267473413228e-05
IL12A_IL12B,0.0003457584805051184
IL12B,0.0
IL12RB1,-0.0001813054541125412
IL13,-0.0002066072066371699
IL13RA1,0.0
IL15,0.00048495965120177916
IL15RA,-1.0077802341707998e-05
IL16,-0.0
IL17A,-0.00021910038833858643
IL17C,-0.0
IL17D,0.0
IL17F,0.00021662958003674317
IL17RA,0.0
IL17RB,-0.0
IL18,-0.00033741448420640513
IL18BP,0.0
IL18R1,0.00038139565784140855
IL18RAP,0.0
IL1A,0.0
IL1B,-0.0
IL1R1,-0.0
IL1R2,0.0
IL1RAP,-0.0
IL1RL1,-0.0
IL1RL2,0.0
IL1RN,0.000683272117363572
IL2,0.0007696253582823619
IL20,-0.0
IL20RA,-0.00012414933532312093
IL22RA1,8.404942336962809e-05
IL24,0.0
IL2RA,-0.0
IL2RB,-0.0005898827519094665
IL32,-0.00089173070972296
IL33,0.0
IL34,-7.610215366225306e-05
IL3RA,-0.00013038369382141612
IL4,0.0
IL4R,0.0
IL5,-0.0002981111544195158
IL5RA,0.0004747685009077473
IL6,0.0
IL6R,-0.00018176683279594473
IL6ST,-0.0
IL7,0.0
IL7R,-0.0003023973637768186
ILKAP,0.0007009680659907958
IMPA1,-0.0
ING1,0.0006806361798562986
INHBC,0.0002535277504816931
INPP1,-0.0
INPPL1,0.0
IPCEF1,-0.0
IQGAP2,-0.0
IRAG2,0.0
IRAK1,-0.0
IRAK4,0.0
ISLR2,0.0
ISM1,0.0
ITGA11,-0.0009964215518261474
ITGA5,8.501459591229798e-05
ITGA6,-4.2071967015288805e-05
ITGAM,-0.002504998111497226
ITGAV,-0.0021853923891134463
ITGB1,0.0007035433568657824
ITGB1BP1,0.0003376432231060437
ITGB1BP2,-0.0
ITGB2,0.0
ITGB5,-0.0013858317750280076
ITGB6,-0.0
ITGB7,0.0
ITIH3,-0.00027847662121247463
ITM2A,0.0
IVD,0.00016762238750338499
JAM2,0.0
JCHAIN,-0.0006551024738536055
JUN,0.0
KAZALD1,-0.0
KCNIP4,-0.0005654018661226466
KDR,-0.0
KEL,0.0
KIFBP,-0.0
KIR2DL3,-0.0
KIR3DL1,0.0
KIRREL2,-0.000326702015581645
KIT,-0.0015815329011606275
KITLG,0.0
KLB,0.0003098518705259425
KLK1,0.0003366628661823558
KLK10,0.0
KLK11,0.0005973287725656139
KLK12,-0.0
KLK13,0.0004179383939139092
KLK14,-1.237535128612675e-05
KLK4,-0.0006939878433725036
KLK6,0.0
KLRB1,-0.0003647284475434725
KLRD1,-0.0
KRT18,0.0010504900408351483
KRT19,-0.0029693587079612773
KRT5,-0.0001549373205283987
KYAT1,-0.0
KYNU,0.0
L1CAM,-0.00016897232432135792
LACTB2,0.0
LAG3,-0.00024234269136487907
LAIR1,-0.0
LAIR2,-2.929096972722695e-05
LAMA4,-0.0
LAMP3,-0.0014217983143435958
LAP3,0.0
LAT,0.0
LAT2,5.212150424825912e-05
LAYN,-0.0
LBP,-0.0
LBR,0.0
LDLR,0.00017675813487760453
LEFTY2,-0.0018893793637916345
LEP,0.0027507219426552414
LEPR,-0.0
LGALS1,0.0
LGALS3,0.00228692048462552
LGALS4,0.003578482546196084
LGALS7_LGALS7B,0.0008727781975710509
LGALS8,-0.0
LGALS9,0.00032160589567443234
LGMN,0.0
LHB,0.0
LHPP,-0.0
LIF,-0.0007890764903242056
LIFR,-0.0
LILRA2,-0.0
LILRA5,0.00010108167363107043
LILRB1,0.0002089310867424226
LILRB2,-0.0
LILRB4,-0.000869760704377278
LILRB5,-0.0
LPCAT2,3.729423515880304e-05
LPL,0.0
LRIG1,0.0011264512117187798
LRP1,0.0
LRP11,6.729617424582141e-05
LRPAP1,0.0
LRRC25,-0.0
LRRN1,-0.0004800444220251187
LSM1,0.0006752777584598463
LSP1,-9.970682037496502e-05
LTA,-0.0
LTA4H,-0.0
LTBP2,0.0019211208830619093
LTBP3,-0.0
LTBR,-0.0005124906234974985
LTO1,-0.00018129854416058002
LXN,0.000158494317820899
LY6D,0.0005092347224723509
LY75,0.000666729916756719
LY96,0.0
LYAR,-0.0
LYN,0.0
LYPD1,-0.000536367539907651
LYPD3,0.00041650080079288576
LYPD8,-0.0
MAD1L1,0.0
MAEA,0.0
MAGED1,0.0
MANF,0.0
MANSC1,-0.0002259520541548655
MAP2K6,-0.0
MAP3K5,0.0
MAP4K5,0.00016272002762625354
MAPK9,7.843925194437464e-05
MAPT,0.00010820486049751017
MARCO,-0.0
MASP1,-0.0
MATN2,0.0
MATN3,-0.0
MAVS,0.0
MAX,0.0
MB,-0.0014954888419213093
MCAM,0.0
MCFD2,0.00019098979734480267
MDGA1,-0.0
MDK,-0.0
MED18,-0.0
MEGF10,-0.0
MEGF9,0.0
MEP1B,-0.0
MEPE,-0.0019340018500542862
MERTK,0.0008709718296791854
MESD,0.0
MET,-0.0019972246012579147
METAP1,0.0002464327330281787
METAP1D,0.0
METAP2,-0.0
MFAP3,-0.0
MFAP5,-0.0
MFGE8,0.0
MGLL,0.0
MGMT,-0.0
MIA,-7.022677770047593e-05
MICB_MICA,-6.604323313806325e-05
MIF,0.0
MILR1,0.00045718069361684404
MITD1,-0.0
MLN,-0.002295911626524972
MME,0.0001674405028344397
MMP10,0.0004304787017354131
MMP12,-0.0002894006468451184
MMP13,9.424131353317678e-05
MMP3,0.0
MMP7,0.00021417828973363127
MMP8,0.0
MMP9,-0.0
MNDA,0.0
MOG,0.0013370384723213782
MPHOSPH8,0.0
MPI,0.0
MPIG6B,0.0
MPO,0.0005708315299217078
MRPL46,0.00036144831052377623
MSLN,-0.0
MSMB,-0.00035771855439527245
MSR1,0.0
MSRA,0.0
MSTN,-0.0
MTPN,6.215894501658672e-05
MUC13,0.0003452677258826046
MUC16,0.0005145171028181443
MVK,0.0
MYO9B,0.0
MYOC,0.0007410055217861186
MZB1,-0.0
MZT1,0.0003349495263125101
NAAA,-0.00015544966705887116
NADK,-0.0021083631832483005
NAMPT,-0.0
NBL1,0.0
NBN,-0.0
NCAM1,-0.0006671781727891549
NCAM2,0.0
NCAN,0.00030803580936918616
NCF2,0.0
NCK2,0.00016939760874998125
NCLN,0.0
NCR1,-0.001289611775857278
NCS1,0.0017215471510882094
NDRG1,0.0
NDUFS6,0.0
NECTIN2,-0.0
NECTIN4,-0.0018421213138009465
NEFL,0.0006791577714271197
NELL1,-0.000861258800774156
NELL2,-0.002069861053380583
NFASC,-0.00038973728091384213
NFATC1,0.0
NFATC3,-0.0007924521024265626
NFKBIE,-0.0
NGF,0.0
NID1,-0.0
NID2,0.0
NINJ1,0.0
NME3,-0.0
NMNAT1,0.00012458127988944923
NOMO1,-0.0007842705196222763
NOS1,0.0005035988815708991
NOS3,0.0
NOTCH1,0.0013998033987419468
NOTCH3,-0.0
NPDC1,0.0
NPPB,0.0008956963355291379
NPPC,-0.0
NPTN,0.0
NPTX1,0.00039007924826216526
NPTXR,-0.0
NPY,0.0007806473305125043
NRCAM,0.0
NRP1,0.0009444733067685079
NRP2,0.0
NRTN,0.0
NSFL1C,0.0
NT5C3A,-0.0011162112194020549
NT5E,-0.001110537378567769
NTF3,-0.000651063786142453
NTF4,-0.0010341656277318403
NTPROBNP,0.000714290192129806
NTRK2,-0.0
NTRK3,-4.197078657211059e-05
NUB1,0.0
NUCB2,0.0
NUDC,0.0
NUDT2,-0.00014269132171504102
NUDT5,0.0
NXPH1,-0.0001346887588409742
OBP2B,-0.0011430148601507977
ODAM,-0.002861915633304778
OGFR,-0.0
OGN,7.96656915893624e-05
OLR1,0.0004046393611598056
OMD,-0.0007192834535888014
OMG,0.0
OPTC,-2.9277582896899376e-05
OSCAR,0.0
OSM,-0.0
OSMR,0.0006000708617625065
OXT,-0.00020480303186096933
P4HB,0.0
PADI2,0.00010538774568283332
PADI4,-0.0
PAEP,-0.001050551903524072
PAG1,0.00011602258505290806
PAK4,-0.0
PAM,-0.0
PAMR1,0.0
PAPPA,0.0005181690833541567
PARK7,0.0
PARP1,-0.00038216002586973435
PBLD,0.0
PCDH1,-0.0
PCDH17,0.0005479526034820138
PCSK9,0.0013815442458224368
PDCD1,0.002430026309608696
PDCD1LG2,-0.0
PDCD5,0.0
PDCD6,1.9968105648175032e-05
PDGFA,0.0
PDGFB,-0.0
PDGFC,0.0006473232264612839
PDGFRA,-0.0
PDGFRB,0.00016527136115374963
PDLIM7,0.0
PDP1,-4.965862458650852e-05
PEAR1,0.0016431390594890873
PEBP1,0.0
PECAM1,-0.00361529818541902
PFDN2,-0.0
PFKFB2,0.0005222148173790351
PGF,-0.0002344950216165422
PGLYRP1,-0.0
PHOSPHO1,0.0006748562668373572
PIGR,0.00030376378002198144
PIK3AP1,-0.0
PIK3IP1,-0.0
PILRA,0.0
PILRB,0.0003249664886363042
PKLR,-0.0
PLA2G10,-0.0
PLA2G15,0.00021181302809998654
PLA2G1B,-0.0
PLA2G2A,-0.0
PLA2G4A,0.0
PLA2G7,-0.0026501346106997743
PLAT,0.0
PLAU,-0.0
PLAUR,0.0
PLIN1,0.0008106948439005162
PLIN3,0.0003630737128551179
PLPBP,0.0
PLTP,-0.0018433072567333102
PLXDC1,-0.00014165124350463826
PLXNA4,-0.0
PLXNB2,6.0390942160529406e-05
PLXNB3,0.0
PM20D1,0.0
PMVK,0.0
PNLIPRP2,-2.1757280281278955e-05
PNPT1,-0.00015922951204829015
PODXL,-0.0001732134442511523
PODXL2,-0.0006069426915848917
POLR2F,0.0
PON2,-0.0
PON3,-0.0
PPCDC,-0.0
PPIB,-0.0
PPM1A,-0.0
PPME1,0.0
PPP1R12A,0.0
PPP1R2,0.0
PPP1R9B,0.0
PPP3R1,0.00022064951491425572
PPY,-0.001176932496771794
PQBP1,0.0
PRCP,0.0002499791885740449
PRDX1,0.0
PRDX3,0.0
PRDX5,0.0
PRDX6,-0.00016073835197322035
PREB,-0.0
PRELP,-0.0
PRKAB1,-0.00031229547712242705
PRKAR1A,-0.0
PRKCQ,-0.0
PRKRA,0.0013713914464738746
PRL,0.0004717924983538903
PROC,0.001124569814796835
PROK1,-0.00034583641936757195
PRSS2,0.0
PRSS27,-0.0011431590157572045
PRSS8,-0.0
PRTFDC1,-0.0
PRTG,0.0
PSG1,0.0
PSIP1,0.001523427099300858
PSMA1,-0.0
PSMD9,0.0
PSME1,-0.0
PSME2,-0.0
PSMG3,-0.0
PSPN,0.0
PSRC1,0.0
PTEN,0.0005948262850447863
PTGDS,0.00011691499649228968
PTH1R,0.0
PTK7,0.0
PTN,0.0005510059723158535
PTPN1,-0.0
PTPN6,-0.0
PTPRF,-0.0012238782411072256
PTPRM,-0.0
PTPRN2,0.0015457811449035917
PTPRS,0.0009051934150911076
PTS,-0.0
PTX3,0.0
PVALB,0.00010888316076482068
PVR,-0.0
PXN,-0.000382318918987694
QDPR,0.0
QPCT,-0.0007687819126463008
RAB37,0.0
RAB6A,-7.651391061332654e-05
RAB6B,0.0006702547053084681
RABEPK,-0.0
RABGAP1L,-0.0
RAD23B,0.0
RANGAP1,0.0
RARRES1,-0.0005010001832810657
RARRES2,0.0
RASA1,-0.0
RASSF2,0.0006912599946271021
RBKS,-0.0007660210612242525
RBP2,-0.001558679398330663
RBP5,0.0015177396752898366
RCOR1,0.00020066373179333848
REG1A,0.0
REG1B,0.0002651751717739764
REG3A,-0.0002034962062863124
REG4,0.0
RELT,-0.0009732395783010882
REN,0.0037721124155221247
RET,0.00010331457345049394
RETN,-0.00022657801858250864
RGMA,-0.0005905770485607232
RGMB,-0.0
RGS8,0.0
RHOC,-0.0
RILP,0.0
RNASE3,0.00037716216689978734
RNASET2,0.0004728893555450126
RNF41,1.7168114970540824e-05
ROBO1,0.0006986125660701178
ROBO2,0.0005234525413480033
ROR1,0.0
RP2,0.0003935637240455684
RRM2,0.0007126593709347364
RRM2B,-0.003953246409588154
RSPO1,-0.0017351931627263319
RSPO3,-0.0014518245972800611
RTBDN,0.00037467988552607477
RTN4R,0.0005081397027848539
RUVBL1,0.00018805095322653857
RWDD1,-0.0
S100A11,-0.00039346076482079973
S100A12,-0.0002076604359278726
S100A16,0.00027772756778713883
S100A4,-0.0006610189692704947
S100P,0.0
SAMD9L,-0.0
SCAMP3,0.0
SCARA5,0.0
SCARB1,-0.0
SCARB2,-0.0
SCARF1,0.0
SCARF2,0.0
SCG2,-0.0
SCG3,0.0007995192777287183
SCGB1A1,-0.0022951162025921174
SCGB3A2,0.0
SCGN,0.0005634908676201816
SCLY,-0.0
SCP2,0.0
SCRN1,5.173394631197525e-05
SDC1,-0.0
SDC4,-0.00040342280203742526
SELE,0.0
SELP,8.26292378543969e-05
SELPLG,-0.00023583833565908613
SEMA3F,-0.0015822682029745323
SEMA4C,0.0
SEMA4D,-0.0
SEMA7A,-0.0
SEPTIN9,0.0
SERPINA11,-0.0006758897600964617
SERPINA9,-0.0004867506587887624
SERPINB1,-0.0
SERPINB5,-0.0
SERPINB6,0.0
SERPINB8,-0.00033351343434151183
SERPINB9,0.0
SERPINE1,-0.0
SESTD1,-0.0
SETMAR,0.0008089709477625804
SEZ6L,0.0006897991845051544
SEZ6L2,0.0
SF3B4,0.0
SFRP1,0.001424229678982098
SFTPA1,-0.0
SFTPA2,-0.0
SFTPD,0.00022510460963562042
SH2B3,0.0
SH2D1A,-0.0006940229011224555
SHMT1,0.0006715188939300775
SIAE,-0.0
SIGLEC1,0.0003675138314257039
SIGLEC10,-0.0
SIGLEC15,-0.0
SIGLEC5,-7.846549379238293e-05
SIGLEC6,-0.0
SIGLEC7,0.0002822164020015805
SIGLEC9,0.0
SIRPA,0.0007449884178948334
SIRPB1,0.0
SIRT2,0.0
SIRT5,0.0001734744664947122
SIT1,0.001480140786947679
SKAP1,-0.0010575635146508875
SKAP2,0.0
SLAMF1,0.00018911210020638295
SLAMF6,-0.0001760675338092678
SLAMF7,9.285461368946871e-05
SLAMF8,0.0
SLC16A1,0.0009050000039790855
SLC27A4,-0.0
SLC39A14,-0.0006611086644010921
SLC39A5,-0.00030207943176452845
SLIT2,0.0
SLITRK2,-0.0
SLITRK6,-0.0004851941694804027
SMAD1,0.0
SMAD5,0.0
SMARCA2,0.0
SMOC1,0.001237330925087752
SMOC2,-0.000668952796613469
SMPD1,0.00010600551085350297
SMPDL3A,0.0
SNAP23,-0.0
SNAP29,-0.0
SNCG,0.0
SNX9,-0.0
SOD2,0.003489310657145853
SORCS2,-0.0
SORD,-0.0
SORT1,-0.0
SOST,-0.0006401746948481718
SPARC,-0.0
SPARCL1,-0.0
SPINK1,0.0
SPINK4,-0.0
SPINK5,-0.0009373188221335337
SPINK6,1.686275083368111e-05
SPINT1,0.0
SPINT2,0.0
SPOCK1,0.0009077843350291868
SPON1,0.0
SPON2,0.0
SPP1,0.0
SPRY2,0.0
SRC,-0.0
SRP14,-0.0015857419196124356
SRPK2,0.0
SSB,-0.0
SSC4D,-0.0
SSC5D,0.001266793010758157
ST3GAL1,0.0
ST6GAL1,0.0
STAMBP,0.0
STAT5B,0.0
STC1,-0.0007970779947463264
STC2,-0.0
STIP1,0.0
STK11,0.0
STK24,0.0
STK4,-0.0
STX16,0.0
STX4,-0.0
STX6,0.0
STX8,-0.0
STXBP3,-0.0
SUGT1,0.0
SULT1A1,0.0
SULT2A1,-0.0010907277674855299
SUMF2,-0.0014621705297703429
SUSD1,-0.0
SUSD2,-0.0
TACC3,0.0
TAFA5,0.0008644685832544333
TANK,4.112423335036867e-05
TARBP2,0.0
TBC1D17,0.0
TBC1D23,-0.0
TBC1D5,0.0
TBCB,0.0
TBCC,0.0
TBL1X,-0.00023843451960357063
TCL1A,0.0
TCL1B,-0.00013678535118876025
TCN2,-0.0002962061026504523
TDGF1,6.019386724566619e-05
TDRKH,-0.0
TEK,-0.0003986184623739074
TFF1,-0.0011839776447935876
TFF2,0.00022832370686270105
TFF3,-0.0
TFPI,-0.0017638036896386378
TFPI2,0.0
TFRC,0.0
TGFA,0.0005902590422322904
TGFB1,-0.0
TGFBI,-0.0008431518945729332
TGFBR2,0.0018501636215262976
TGFBR3,0.0
TGM2,0.0
THBD,0.0
THBS2,-0.0
THBS4,0.0006126115446765756
THOP1,0.0
THPO,0.0011526987495638827
THY1,0.0
TIA1,0.0
TIE1,-0.0
TIGAR,4.8456431834020574e-05
TIMD4,0.0008459220540795279
TIMP1,-0.0
TIMP3,-0.0
TIMP4,-0.0
TINAGL1,0.0
TJAP1,0.0
TLR3,0.0
TMPRSS15,0.0
TMPRSS5,0.0
TMSB10,-0.0
TNC,0.0008636630311295662
TNF,0.0003705684453020973
TNFAIP8,-0.0
TNFRSF10A,0.0003381516536973636
TNFRSF10B,0.0
TNFRSF10C,-6.192354115140679e-05
TNFRSF11A,-0.0
TNFRSF11B,-0.0005869102535904461
TNFRSF12A,0.0
TNFRSF13B,-0.0
TNFRSF13C,-0.0008295268653462597
TNFRSF14,0.0
TNFRSF19,-0.0
TNFRSF1A,-0.0
TNFRSF1B,0.0
TNFRSF21,0.0
TNFRSF4,0.0
TNFRSF6B,-0.0
TNFRSF8,-0.0013133287189429797
TNFRSF9,0.0
TNFSF10,-0.00048258578520865244
TNFSF11,-0.0011700391316214979
TNFSF12,-0.0
TNFSF13,0.0007556334302869563
TNFSF13B,0.0011750784146457422
TNFSF14,0.0
TNNI3,-0.00017889251417768667
TNR,-0.002360678126465064
TNXB,0.0
TP53,-0.00025627722831324213
TP53INP1,0.0
TPMT,-0.0006993219902997587
TPP1,-0.0
TPPP3,0.00013799181806853732
TPSAB1,-1.010420680760587e-05
TPT1,-0.0004342483873902754
TRAF2,-0.0
TREM2,0.0
TREML2,-0.0013080766689396496
TRIAP1,-0.0
TRIM21,-0.00014946480460383574
TRIM5,0.0014543710786633593
TSHB,-0.003441844189749635
TSLP,-0.000265695801399247
TSPAN1,-0.00010099381886290889
TST,-0.00010075963292089339
TXLNA,6.740419343053951e-05
TXNDC15,-0.0
TXNDC5,-0.0
TXNRD1,-0.0007800168984456248
TYMP,-0.0
TYRO3,0.0
UBAC1,-0.0
ULBP2,-0.0
UMOD,-0.0
USO1,0.0
USP8,0.0
UXS1,0.0003259003591316272
VAMP5,-0.002185240138907248
VASH1,0.0
VASN,0.0
VAT1,0.0
VCAM1,0.00017100613754409997
VCAN,0.00020804758167510033
VEGFA,0.0
VEGFC,-0.0010016227925707581
VEGFD,-0.0
VIM,-0.0
VMO1,-0.00012016514643545947
VNN2,-0.0
VPS37A,-0.0
VPS53,-0.0
VSIG4,-0.0
VSIR,-7.309563399606823e-05
VSTM1,8.153963348692262e-06
VSTM2L,0.0011251760156255175
VTA1,-0.0
VTCN1,-0.0005350408082312827
VWA1,-0.0019887940354482696
VWC2,0.0014153964303847363
VWF,0.0007452441157543337
WARS,-0.0009140848756089701
WAS,8.94385999593632e-06
WASF1,-0.0
WASF3,0.0
WFDC12,-0.0001476528453188137
WFIKKN1,-0.00022987320475785562
WFIKKN2,-0.0005118127681444477
WIF1,-0.0
WNT9A,-0.0
WWP2,0.0
XCL1,0.000198624435264916
XG,-0.0
XPNPEP2,-0.0006271397425010278
XRCC4,-0.00029681469026497024
YES1,0.00019570485129889005
YTHDF3,2.2531953725946e-05
ZBTB16,0.0
ZBTB17,0.00027754641406309494
age,-0.004224824210553364
